label,pos,token
O,N,[
O,N,Thời_gian
O,V,trôi
O,A,nhanh
O,R,quá
O,0,0
O,N,Hôm_nay
O,N,con_trai
O,V,yêu
O,N,của
O,N,bố_mẹ
O,R,đã
O,A,tròn
B-AGE,M,3
I-AGE,N,tuổi
O,N,rồi
O,0,0
O,N,Bố_mẹ
O,V,chúc
O,N,con
O,V,thêm
O,N,tuổi
O,R,mới
O,R,luôn
O,V,mạnh_khoẻ
O,",",","
O,N,ngoan_ngoãn
O,N,vâng
O,N,lời
O,N,ông_bà
O,",",","
O,N,bố_mẹ
O,CC,và
O,N,mọi
O,N,ng
O,0,0
O,A,Đặc_biệt
O,V,là
O,N,bớt
O,V,nghịch
O,N,chút
O,N,con
O,V,yêu
O,N,nhé
O,0,0
O,V,Yêu
O,N,con
O,A,nhiều
O,0,0
O,!,!
O,",",","
O,Np,Hong
O,Np,Lai
O,V,feeling
O,N,happy
O,0,0
O,N,]
O,N,[
O,Np,Sinh_Nhật
O,N,trai
O,V,yêu
O,A,tròn
B-AGE,M,5
I-AGE,N,tuổi
O,0,0
O,N,Bố_mẹ
O,CC,và
O,N,gia_đình
O,V,chúc
O,N,con
O,C,hay
O,V,ăn
O,N,chóng
O,N,nhớn
O,",",","
O,N,ngoan_ngoãn
O,CC,và
O,N,thông_minh
O,N,con
O,N,nhé
O,?,?
O,V,Yêu
O,Nc,chàng
O,N,trai
O,E,của
O,N,mẹ
O,?,?
O,",",","
O,Np,Lila
O,Np,Nguyễn
O,V,added
O,M,5
O,N,new
O,N,photos
O,A,to
O,N,the
O,A,album
O,:,:
B-NAME,N,Bảo
I-NAME,Np,Nam
O,A,tròn
B-AGE,M,5
I-AGE,N,tuổi
O,-,-
O,N,with
O,N,Bao
O,Np,Nam
O,0,0
O,Np,Photos
O,V,from
O,Np,Lila
O,Np,Nguyễn
O,N,'
O,N,s
O,N,post
O,N,]
O,N,[
O,P,bây_giờ
O,R,mới
B-AGE,V,đầy_tháng
O,N,em
O,N,nhà
O,N,mình
O,?,?
O,",",","
O,Np,Nhật
O,Np,Hạ
O,V,added
O,M,2
O,N,new
O,N,photos
O,0,0
O,Np,Photos
O,V,from
O,Np,Nhật
O,V,Hạ
O,N,'
O,N,s
O,N,post
O,N,]
O,N,[
O,N,Gái
O,V,yêu
O,A,tròn
B-AGE,M,2
I-AGE,N,tuổi
O,0,0
O,V,Yêu
O,N,con
O,",",","
O,Np,Duong
O,Np,Luu
O,V,shared
O,Nc,anh
O,N,memory
O,-,-
O,N,with
O,Np,Dương
O,Np,Thị
O,Np,Toàn
O,N,and
O,M,3
O,N,others
O,0,0
O,Np,Duong
O,\n,\n
B-NAME,Np,Thảo
I-NAME,N,hương
O,E,của
O,N,mẹ
O,R,đã
O,A,tròn
B-AGE,M,1
I-AGE,N,tuổi
O,0,0
O,Np,Chúc
O,N,con_gái
O,V,sang
O,N,tuổi
O,A,mới
O,A,ngoan_ngoãn
O,N,hay
O,V,ăn
O,N,chóng
O,A,lớn
O,N,nhé
O,0,0
O,N,Mẹ
O,V,yêu
O,N,con
O,?,?
O,N,]
O,N,[
O,",",","
O,N,MinhHien
O,Np,Le
O,Np,Ngoc
O,V,shared
O,N,anh
O,V,memory
O,0,0
O,N,MinhHien
O,\n,\n
O,N,Chuc
O,V,mừng
B-AGE,N,thôi_nôi
O,N,con_gái
B-NAME,Np,Xuka
O,!,!
O,Np,Chuc
O,N,con
O,N,mau
O,V,ăn
O,N,chóng
O,A,lớn
O,CC,và
O,A,ngoan
O,T,nhé
O,!,!
O,N,]
O,N,[
O,Np,Chúc
O,N,con
O,N,hay
O,V,ăn
O,N,chóng
O,A,lớn
O,",",","
O,N,ngoan_ngoãn
O,N,(
O,N,Trộm_vía
O,?,?
O,V,)
O,R,chẳng
O,V,khóc_lóc
O,N,cái
O,P,gì
O,",",","
O,P,ai
O,V,bế
O,R,cũng
O,V,đc
O,",",","
O,V,yêu_thương
O,R,lắm
O,0,0
O,N,Thế_là
O,R,đã
O,V,có
O,N,cháu
O,N,gọi_là
O,Np,Bác
O,C,rồi
O,?,?
O,M,20/5/2017
B-AGE,N,Đầy_tháng
B-NAME,Np,Nhộng
I-NAME,V,kute
O,?,?
O,",",","
O,Np,Ly
O,P,Ta
O,V,added
O,N,anh
O,V,new
O,N,photo
O,A,to
O,N,the
O,V,album
O,:,:
B-AGE,Np,Đầy_Tháng
O,N,Bé
B-NAME,Np,Nhộng
O,V,(
B-NAME,Np,Phạm
I-NAME,Np,Ngọc
I-NAME,Np,Cẩm_Tú
O,V,)
O,0,0
O,N,]
O,N,[
O,",",","
O,Np,Ánh
O,Np,Tuyết
O,V,added
O,M,9
O,N,new
O,N,photos
O,-,-
O,N,with
O,Np,An
O,Np,Trần
O,N,and
O,M,4
O,N,others
O,0,0
O,Np,Photos
O,V,from
O,Np,Ánh
O,Np,Tuyết
O,N,'
O,V,s
O,N,post
O,N,]
O,N,[
B-AGE,V,Đầy_tháng
O,N,cục
O,V,cưng
B-NAME,Np,Tánh
I-NAME,Np,Kì
O,",",","
O,Np,Trầm_Hương
O,Np,Tuấn
O,V,added
O,M,2
O,N,new
O,N,photos
O,0,0
O,Np,Photos
O,V,from
O,Np,Trầm_Hương
O,Np,Tuấn
O,N,'
O,N,s
O,N,post
O,N,]
O,N,[
O,N,Chúc_mừng
O,N,sinh_nhật
B-NAME,Np,Vova
O,A,tròn
B-AGE,M,3
I-AGE,N,tuổi
O,!,!
O,",",","
O,Np,Dorothy
O,E,Do
O,N,added
O,M,8
O,N,new
O,N,photos
O,-,-
O,N,with
O,Np,Năng
O,Np,Đào
O,N,and
O,M,13
O,N,others
O,0,0
O,Np,Photos
O,V,from
O,Np,Dorothy
O,E,Do
O,N,'
O,N,s
O,N,post
O,N,]
O,N,[
O,V,Hẹn_hò
O,E,với
O,N,con_gái
O,A,lớn
O,0,0
O,N,Hôm_nay
O,N,bạn
O,N,ý
O,A,tròn
B-AGE,M,4
I-AGE,N,tuổi
O,",",","
O,N,mẹ
O,V,hẹn
O,N,bạn
O,N,ý
O,V,đi
O,?,?
O,0,0
O,N,Bạn
O,N,ý
O,V,mê_tơi
O,N,con
O,N,dơi
O,?,?
O,Np,Happy
B-AGE,M,4
I-AGE,N,tuổi
O,N,h
O,N,birthday
O,N,my
B-NAME,Np,Junnie
O,",",","
O,Np,Ngoc
O,Np,Tu
O,V,added
O,M,6
O,N,new
O,N,photos
O,-,-
O,N,feeling
O,N,pretty
O,N,with
O,Np,Duong
O,Np,Hoang
O,Np,Viet
O,0,0
O,Np,Photos
O,V,from
O,Np,Ngoc
O,Np,Tu
O,N,'
O,N,s
O,N,post
O,N,]
O,N,[
O,N,Lúc
O,A,mới
O,V,sinh
O,N,em
O,N,chả
O,N,giống
O,P,ai
O,T,cả
O,?,?
O,0,0
O,Np,Tròn
B-AGE,M,2
I-AGE,N,tuổi
O,N,em
O,R,đã
O,V,biết
O,V,gọi
O,N,đien
O,N,thoai
O,V,nói_chuyện
O,E,với
O,N,mẹ
O,A,nheo_nhéo
O,V,hỏi
O,N,mẹ
O,V,đỡ
O,R,chưa
O,?,?
O,0,0
O,V,Yêu
O,N,lắm
O,",",","
O,Np,Huong
O,Np,Barbie
O,V,shared
O,N,her
O,V,photo
O,0,0
O,Np,Huong
O,\n,\n
O,N,Hello
O,N,life
O,N,]
O,N,[
O,N,Quấn_quít
O,M,2
O,N,ngày
O,N,cuối
O,N,tuần
O,",",","
O,V,đến
O,N,đầu
O,N,tuần
O,N,em
O,P,ấy
O,V,đi
O,V,học
O,V,lại
O,N,chút
O,V,là
O,N,mẹ
O,R,đã
O,V,nhớ
O,?,?
O,N,Hay
O,V,cười
O,A,ít
O,V,khóc
O,",",","
O,A,vui_vẻ
O,",",","
O,N,chững_chạc
O,",",","
O,N,hoà_đồng
O,V,là
O,L,những
O,N,tích
O,V,cách
O,E,của
O,N,con
O,0,0
O,V,Mong
O,N,con
O,N,mau
O,V,ăn
O,N,chóng
O,A,lớn
O,",",","
O,N,khoẻ_mạnh
O,N,&
O,N,mãi
O,V,giữ
O,L,những
O,N,gì
O,E,mà
O,N,con
O,R,đang
O,V,có
O,0,0
O,",",","
O,Np,Nguyen
O,Np,Hoa
O,N,added
O,M,3
O,N,new
O,N,photos
O,-,-
O,N,drinking
O,N,sinh_tố
O,N,at
O,Np,Eden
O,Np,Coffee
O,0,0
O,Np,Photos
O,N,from
O,Np,Nguyen
O,Np,Hoa
O,N,'
O,N,s
O,N,post
O,N,]
O,N,[
O,Np,Nhu
O,Np,Nguyet
O,Np,Hoang
O,Np,Lucy
O,Np,Nguyen
O,Np,Phương
O,Np,Phương
O,Np,Langtu
O,Np,Phongnhiz
O,",",","
O,Np,Cheri
O,Np,Cheri
O,V,added
O,M,7
O,N,new
O,N,photos
O,A,to
O,N,the
O,V,album
O,:,:
O,N,Sinh_nhật
B-NAME,Np,Trí
I-NAME,Np,Kiệt
O,-,-
B-NAME,Np,Bảo_An
O,N,tròn
B-AGE,M,1
I-AGE,N,tuổi
O,-,-
O,N,with
O,Np,Phương
O,Np,Phương
O,N,and
O,M,4
O,N,others
O,0,0
O,Np,Photos
O,V,from
O,Np,Cheri
O,Np,Cheri
O,N,'
O,N,s
O,N,post
O,N,]
O,N,[
O,N,Chân_thành
O,V,cảm_ơn
O,N,cô
O,N,dì
O,",",","
O,N,chú
O,N,bác
O,",",","
O,N,ông_bà
O,",",","
O,N,cậu
O,N,mợ
O,",",","
O,N,anh_chị
O,",",","
O,N,bạn_bè
O,R,đã
O,V,đến
O,V,dự
B-AGE,N,thôi_nôi
O,E,của
B-NAME,Np,Nhím
O,C,dù
O,N,trời
O,V,mưa
O,R,rất
O,A,nhiều
O,0,0
O,",",","
O,Np,Ivy
O,Np,Kiều
O,Np,Nga
O,V,added
O,M,14
O,N,new
O,N,photos
O,-,-
O,N,with
O,Np,Kieu
O,Np,Hai
O,Np,Hung
O,N,and
O,Np,Chôm_Chôm
O,0,0
O,Np,Photos
O,V,from
O,Np,Ivy
O,Np,Kiều
O,Np,Nga
O,N,'
O,N,s
O,N,post
O,N,]
O,N,[
O,N,Hôm_nay
O,M,2
O,N,trai
B-NAME,Np,Bin
B-NAME,N,Bọn
O,E,của
O,N,mẹ
O,R,đã
O,A,tròn
B-AGE,M,3
I-AGE,N,tuổi
O,N,rồi
O,N,đấy
O,0,0
O,N,thời_gian
O,V,trôi
O,V,qua
O,R,thật
O,V,là
O,A,nhanh
O,E,vì
O,N,ngày
O,P,này
O,V,cách
O,P,đây
O,M,3
O,N,năm
O,V,là
O,N,ngày
O,A,hạnh_phúc
O,A,nhất
O,E,của
O,N,mẹ
O,",",","
O,L,các
O,N,con
O,R,đã
O,A,cùng
O,N,mẹ
O,V,vượt
O,R,qua
O,R,được
O,L,những
O,N,ngày_tháng
O,A,khó_khăn
O,A,vất_vả
O,CC,và
O,P,cả
O,N,sự
O,A,hiểm_nguy
O,A,nhất
O,0,0
O,M,3
O,N,năm
O,N,tuy
O,R,không
O,A,phải
O,V,là
O,A,dài
O,R,cũng
O,R,không
O,A,phải
O,V,là
O,A,ngắn
O,C,nhưng
O,P,nó
O,V,là
O,N,quãng
O,N,thời_gian
O,V,để
O,V,cho
O,N,mẹ
O,N,con
O,N,mình
O,V,hiểu
O,N,và
O,V,biết
O,N,đc
O,R,rất
O,A,nhiều
O,N,điều
O,V,về
O,Nc,cái
O,N,cuộc_sống
O,E,của
O,N,mẹ
O,N,con
O,N,mình
O,V,fải
O,R,không
O,N,con
O,?,?
O,N,Mặc_dù
O,N,Mẹ
O,V,biết
O,N,mẹ
O,R,chưa
O,V,làm
O,N,đc
O,P,gì
O,V,cho
O,L,các
O,N,con
O,V,hết
O,N,ngoài
O,N,việc
O,Np,Me
O,V,ở
O,N,nhà
O,V,chăm_sóc
O,CC,và
O,V,yêu_thương
O,L,các
O,N,con
O,",",","
O,V,bù_đắp
O,E,cho
O,N,con
O,L,những
O,N,thiệt_thòi
O,C,mà
O,L,các
O,N,con
O,V,phải
O,V,chịu
O,0,0
O,0,0
O,C,Nhưng
O,N,con
O,N,ơi
O,N,Mẹ
O,V,nghĩ
O,C,rằng
O,V,có
O,N,gian_nan
O,A,vất_vả
O,CC,và
O,V,mất_mát
O,N,thiệt_thòi
O,V,về
O,R,bất_cứ
O,N,điều
O,P,gì
O,P,đó
O,C,thì
O,N,đấy
O,R,lại
O,T,chính
O,V,là
O,N,động_lực
O,V,cho
O,N,mẹ
O,N,con
O,N,mình
O,V,bước
O,R,tiếp
O,E,trên
O,Nc,con
O,N,đường
O,P,này
O,Nc,con
O,N,à
O,0,0
O,C,Nhưng
O,C,dù
O,N,cs
O,P,này
O,E,dù
O,V,có
O,N,khó_khăn
O,A,vất_vả
O,CC,và
O,A,đầy
O,V,trông
O,N,gai
O,N,ntn
O,C,thì
O,L,các
O,N,con
O,R,hãy
O,R,cứ
O,V,sống
O,R,thật
O,A,vui_vẻ
O,",",","
O,A,thoải_mái
O,CC,và
O,N,hồn_nhiên
O,A,đúng
O,V,theo
O,L,những
O,N,gì
O,L,các
O,N,bạn
O,A,cùng
O,N,trang_lứa
O,E,với
O,L,các
O,N,con
O,N,nhé
O,0,0
O,E,Vì
O,N,xung_quanh
O,L,các
O,N,con
O,R,vẫn
O,V,còn
O,R,rất
O,A,nhiều
O,L,những
O,N,người
O,R,đã
O,N,và
O,R,đang
O,V,dành
O,N,tình
O,V,thương_yêu
O,CC,và
O,N,sự
O,V,quan_tâm
O,V,chăm_sóc
O,E,tới
O,L,các
O,N,con
O,N,đấy
O,N,con
O,V,yêu
O,N,à
O,0,0
O,N,Cái
O,P,gì
O,V,là
O,E,của
O,P,mình
O,N,và
O,V,thuộc
O,R,về
O,N,mình
O,C,thì
O,N,mình
O,R,hãy
O,V,đón_nhận
O,N,và
O,V,biết_ơn
O,Nc,cái
O,N,đó
O,V,còn
O,N,cái
O,P,gì
O,R,không
O,V,thuộc
O,E,về
O,N,mình
O,C,thì
O,N,mình
O,V,đừng
O,V,sân_si
O,N,con
O,N,nhé
O,0,0
O,N,Mẹ
O,N,chúc
O,M,2
O,N,con
O,V,sang
O,N,tuổi
O,R,mới
O,A,ngoan_ngoãn
O,",",","
O,N,mạnh_khoẻ
O,CC,và
O,N,hay
O,V,ăn
O,N,chóng
O,A,lớn
O,N,nhé
O,!,!
O,P,Cả
O,N,nhà
O,N,cháu
O,V,cảm_ơn
O,L,các
O,N,bác
O,",",","
O,L,các
O,N,cô
O,N,chú
O,CC,và
O,L,các
O,N,anh_chị_em
O,R,đã
O,V,quan_tâm
O,N,và
O,V,dành
O,E,cho
O,N,cháu
O,N,rất
O,V,nhiu
O,N,tình_cảm
O,A,cả
O,E,về
O,N,vật_chất
O,CC,và
O,N,tinh_thần
O,E,trong
O,N,lần
O,N,sinh_nhật
B-AGE,N,lần
I-AGE,N,thứ
I-AGE,M,3
O,N,này
O,N,à
O,!,!
O,",",","
O,Np,Chinh
O,Np,Nguyen
O,V,added
O,M,9
O,N,new
O,N,photos
O,-,-
O,N,with
O,Np,Nguyễn
O,Np,Vinh
O,N,and
O,M,2
O,N,others
O,0,0
O,Np,Photos
O,V,from
O,Np,Chinh
O,Np,Nguyen
O,N,'
O,N,s
O,N,post
O,N,]
O,N,[
O,",",","
O,Np,Hàng_Thùng
O,Np,Ngoc
O,Np,My
O,V,shared
O,N,anh
O,V,link
O,0,0
O,N,Vợ
O,T,ơi
O,",",","
O,V,sinh
O,N,con
O,V,xong
O,N,nhiệm_vụ
O,E,của
O,N,em
O,V,là
O,V,ăn
O,-,-
O,N,ngủ
O,-,-
O,N,làm_đẹp
O,V,thôi
O,",",","
O,C,còn
O,N,mọi
O,N,thứ
O,R,cứ
O,V,giao
O,V,hết
O,E,cho
O,N,anh
O,!,!
O,N,webtretho
O,0,0
O,N,com
O,\n,\n
O,N,Em
O,R,vừa
O,V,ra
O,N,ổ
O,L,các
O,N,mẹ
O,",",","
O,N,hôm
B-AGE,V,đầy_tháng
O,N,con_trai
O,R,rất
O,A,nhiều
O,N,bà_con
O,",",","
O,N,bạn_bè
O,V,đến
O,N,ăn_mừng
O,R,cùng
O,M,2
O,N,vợ_chồng
O,0,0
O,Np,Hihi
O,",",","
O,N,hôm
O,N,đấy
O,N,không_chỉ
O,N,con
O,C,mà
O,N,em
O,R,cũng
O,V,là
O,N,nhân_vật
O,A,trung_tâm
O,N,]
O,N,[
B-NAME,Np,Thị
I-NAME,V,nở
I-NAME,M,2
I-NAME,N,cằm
O,N,của
O,N,dì
O,N,hôm_nay
O,A,tròn
B-AGE,M,1
I-AGE,N,tuổi
O,",",","
O,Np,Khanh
O,Np,Khanh
O,V,added
O,N,anh
O,V,new
O,N,photo
O,A,to
O,N,the
O,V,album
O,:,:
O,Np,Family
O,0,0
O,N,]
O,N,[
O,Np,Mai
O,N,em
O,N,bé
O,E,của
O,N,mẹ
O,A,tròn
B-AGE,M,1
I-AGE,N,tuổi
O,T,rồi
O,",",","
O,R,cũng
O,C,như
O,L,các
O,N,bà
O,N,mẹ
O,A,khác
O,",",","
O,V,thấy
O,N,con
O,V,cười
O,V,là
O,N,bao_nhiêu
O,N,mệt_mỏi
O,R,cũng
O,V,tan
O,R,hết
O,0,0
O,N,Mẹ
O,N,con
O,N,mình
O,R,mãi
O,V,yêu
O,N,nhao
O,C,như
O,N,bây_giờ
O,N,nhé
O,",",","
O,C,nhưng
O,V,yêu
O,R,vừa
O,V,thôi
O,V,đừng
O,N,đến_nỗi
O,N,mẹ
O,V,vào
O,N,wc
O,M,5s
O,N,thôi
O,N,con
O,R,cũng
O,V,gào
O,V,khóc
O,V,đập
O,N,cửa
O,A,ầm_ầm
O,P,ấy
O,N,con
O,N,nhé
O,?,?
O,",",","
O,Np,Phương
O,Np,Thuý
O,V,added
O,M,9
O,N,photos
O,N,and
O,N,anh
O,V,video
O,A,to
O,N,the
O,V,album
O,:,:
O,N,Pearl
O,N,island
O,-,-
O,N,with
O,Np,Phan
O,Np,Thai
O,0,0
O,Np,Photos
O,V,from
O,Np,Phương
O,Np,Thuý
O,N,'
O,N,s
O,N,post
O,N,]
O,N,[
O,Np,Happy
O,V,birthday
B-NAME,N,apple
O,0,0
O,Np,Chúc
O,N,con_trai
O,V,yêu
O,E,của
O,N,ba
O,N,mẹ
O,N,mau
O,V,ăn
O,N,chóng
O,A,lớn
O,N,thông_minh
O,N,khoẻ_mạnh
O,V,P/s
O,:,:
O,N,nghề
O,C,mà
O,N,em
O,V,chọn
O,R,hãy
O,V,thực_hiện
O,N,con
O,N,nhe
O,!,!
O,",",","
O,Np,Thuỳ
O,Np,Dung
O,Np,Mai
O,V,added
O,M,8
O,N,new
O,N,photos
O,-,-
O,N,feeling
O,N,lovely
O,0,0
O,Np,Photos
O,V,from
O,Np,Thuỳ
O,Np,Dung
O,Np,Mai
O,V,'
O,N,s
O,N,post
O,N,]
O,N,[
O,V,sinh_nhật
O,N,gái
O,N,cưng
O,N,mau
O,V,ăn
O,N,chóng
O,A,lớn
O,V,bớt
O,N,lì
O,N,con
O,N,nhé
O,N,(
O,N,灬ω灬
O,N,)
O,",",","
O,Np,Sinh
O,Np,Nguyen
O,V,added
O,M,4
O,N,new
O,N,photos
O,0,0
O,Np,Photos
O,N,from
O,Np,Sinh
O,Np,Nguyen
O,N,'
O,N,s
O,N,post
O,N,]
O,N,[
O,V,Đi
O,V,ăn
B-AGE,N,đầy_tháng
O,N,em_gái
B-NAME,N,tuấn
I-NAME,N,khỉ
O,?,?
O,",",","
O,Np,Nhung
O,Np,Trần
O,V,added
O,M,5
O,N,new
O,N,photos
O,A,to
O,N,the
O,V,album
O,:,:
O,M,2017
O,?,?
O,-,-
O,N,with
O,Np,Trần
O,Np,Bá
O,Np,Dương
O,V,at
O,Np,Nhà_Hàng
O,Np,Buffet
O,N,&
O,N,Tiệc
O,N,Cưới
O,Np,Nam
O,Np,Sơn
O,0,0
O,Np,Photos
O,V,from
O,Np,Nhung
O,Np,Trần
O,N,'
O,N,s
O,N,post
O,N,]
O,N,[
O,",",","
O,Np,Trang
O,Np,Cung
O,V,shared
O,N,anh
O,V,memory
O,0,0
O,Np,Trang
O,\n,\n
O,N,Sinh_nhật
O,N,bạn
B-NAME,N,ỉn
O,A,tròn
B-AGE,M,2
I-AGE,N,tuổi
O,?,?
O,N,]
O,N,[
O,N,Mới_đây
O,R,đã
O,V,được
B-AGE,M,1
I-AGE,N,tháng
O,R,rồi
O,?,?
B-NAME,N,Tony
O,E,của
O,N,mẹ
O,N,mau
O,V,ăn
O,N,chóng
O,A,lớn
O,N,vs
O,N,lun
O,A,khoẻ_mạnh
O,N,nhé
O,N,con
O,?,?
O,V,Yêu
B-NAME,N,Tony
O,E,của
O,N,mẹ
O,A,lắm
O,N,í
O,?,?
O,",",","
O,Np,Hương
O,Np,Cà_Chua
O,Np,Duyên
O,V,added
O,M,2
O,N,new
O,N,photos
O,-,-
O,N,feeling
O,N,happy
O,0,0
O,Np,Photos
O,V,from
O,Np,Hương
O,Np,Cà_Chua
O,Np,Duyên
O,N,'
O,N,s
O,N,post
O,N,]
O,N,[
O,Np,Mừng
B-AGE,V,đầy_tháng
O,N,con_trai
O,V,yêu
O,N,",,"
O,V,chúc
O,N,con
O,N,khoẻ_mạnh
O,N,mau
O,V,ăn
O,N,chóng
O,A,lớn
O,",",","
O,Np,Nguyễn
O,Np,Ngọc
O,Np,Tiểu
O,Np,Thanh
O,V,added
O,M,3
O,N,new
O,N,photos
O,0,0
O,Np,Photos
O,V,from
O,Np,Nguyễn
O,Np,Ngọc
O,Np,Tiểu
O,Np,Thanh
O,N,'
O,N,s
O,N,post
O,N,]
O,N,[
O,N,Con
O,V,yêu
O,N,tròn
B-AGE,M,1
I-AGE,N,tuổi
O,V,mong
O,N,con
O,R,luôn
O,V,mạnh_khoẻ
O,",",","
O,N,ngoan_ngoãn
O,0,0
O,?,?
O,N,em
O,V,là
O,N,thế_giới
O,E,của
O,N,mẹ
O,?,?
O,V,yêu
O,N,em
O,?,?
B-NAME,Np,Ruby
O,V,cảm_ơn
O,N,dì
O,Np,Xè
O,CC,và
O,N,dì
O,Np,Un
O,R,đã
O,V,dàn_dựng
O,N,buổi
O,N,tiệc
O,V,cho
B-NAME,Np,Ruby
O,N,nha
O,?,?
O,",",","
O,Np,Yến
O,Np,Phạm
O,V,shared
O,Np,Peun
O,Np,Nguyen
O,N,'
O,N,s
O,N,post
O,0,0
O,Np,Peun
O,\n,\n
O,N,tác_phẩm
O,E,của
O,N,cô
O,Np,Xè
O,?,?
O,V,so
O,N,cute
O,!,!
O,N,cô
O,Np,Xè
O,V,giỏi
O,N,xế
O,N,]
O,N,[
O,M,6/5/2017
O,N,hôm_nay
O,N,bạn
B-NAME,Np,Nghé
O,R,vừa
O,A,tròn
B-AGE,M,2
I-AGE,N,tuổi
O,0,0
O,?,?
O,N,Bạn
O,V,nghịch
O,R,lắm
O,",",","
O,N,hay
O,N,ăn_vạ
O,",",","
O,V,khóc
O,V,nhè
O,R,nữa
O,0,0
O,?,?
O,C,nhưng
O,N,bạn
O,R,rất
O,V,là
O,N,điệu
O,",",","
O,V,có
O,N,lúc
O,C,thì
O,A,như
O,N,con_trai
O,?,?
O,N,Bạn
B-AGE,M,2
I-AGE,N,tuổi
O,R,rồi
O,V,đi
O,V,học
O,N,ngoan
O,N,nhé
O,?,?
O,Np,Happy
O,V,birthday
O,N,con_gái
O,",",","
O,N,]
O,N,[
O,V,Chúc_mừng
B-AGE,N,đầy_tháng
O,N,em
B-NAME,Np,Nhím
I-NAME,V,thối
O,?,?
O,",",","
O,N,]
O,N,[
O,",",","
O,Np,Tran
O,Np,Nhat
O,Np,Anh
O,V,added
O,M,34
O,N,new
O,N,photos
O,A,to
O,N,the
O,V,album
O,:,:
B-AGE,N,Đầy_tháng
B-NAME,Np,Alan
I-NAME,Np,Đỗ
I-NAME,Np,Thái
I-NAME,Np,Anh
O,-,-
O,N,with
O,Np,Nguyen
O,Np,Quy
O,Np,Hung
O,N,and
O,M,2
O,N,others
O,0,0
O,Np,Photos
O,V,from
O,Np,Tran
O,Np,Nhat
O,Np,Anh
O,V,'
O,N,s
O,N,post
O,N,]
O,N,[
O,Np,Qà
B-AGE,V,đầy_tháng
O,E,của
O,N,cục
O,V,cưng
O,P,đây
O,\n,\n
O,N,Ahihi
O,R,không
O,V,có
O,N,cái
O,P,nào
O,V,mặc
O,R,vừa
O,V,hết
O,?,?
O,",",","
O,Np,Hồ
O,Np,Oanh
O,V,added
O,M,2
O,N,new
O,N,photos
O,-,-
O,N,with
O,Np,Phạm
O,Np,Thị_Dân
O,0,0
O,Np,Photos
O,V,from
O,Np,Hồ
O,Np,Oanh
O,N,'
O,N,s
O,N,post
O,N,]
O,N,[
O,N,Kỉ_niệm
O,N,lúc
B-NAME,V,siro
O,R,được
O,L,vài
O,N,tiếng
O,N,tuổi
O,",",","
O,N,nay
O,R,đã
O,A,tròn
B-AGE,M,2
I-AGE,N,tuổi
O,N,rùi
O,",",","
O,N,chúc
O,N,công_chúa
O,V,ăn
O,N,mau_chóng
O,A,lớn
O,N,nhé
O,",",","
O,Np,Uyên
O,Np,Sú
O,V,shared
O,Nc,anh
O,N,memory
O,-,-
O,N,with
O,Np,Jimmy
O,Np,Tào
O,N,and
O,Np,Linda
O,Np,Thanh_Nhàn
O,0,0
O,Np,Uyên
O,\n,\n
B-NAME,N,Siro
O,V,chào
O,L,các
O,N,cô
O,L,các
O,N,chú
O,N,nà
O,",",","
O,V,chúc_mừng
O,N,gia_đình
O,N,đại
O,N,ka
B-NAME,Np,Jimmy
I-NAME,Np,Tào
O,V,có
O,V,thêm
O,N,thiên_thần
O,A,mới
O,N,]
O,N,[
B-NAME,Np,Haizzza
O,N,bạn
O,N,ý
O,R,đã
O,A,tròn
B-AGE,M,1
I-AGE,N,tuổi
O,R,rồi
O,!,!
O,Np,Chúc
O,N,gái
O,V,yêu
O,N,sinh_nhật
O,A,vui_vẻ
O,CC,và
O,N,mãi
O,A,vui_vẻ
O,A,ngoan_ngoãn
O,N,thế
O,P,này
O,N,con_gái
O,N,nhé
O,P,cả
O,N,nhà
O,V,yêu
O,N,con
O,A,nhiều
O,R,lắm
O,R,lắm
O,?,?
O,V,P/s
O,:,:
O,N,nghịch
O,R,quá
O,V,nên
O,N,mẹ
O,R,chỉ
O,V,tranh_thủ
O,V,chộp
O,N,đc
O,N,mấy
O,N,kiểu
O,P,này
O,V,trc
O,N,khi
O,V,khai
O,N,tiệc
O,V,thôi
O,",",","
O,Np,Thanh
O,Np,Nguyễn
O,V,added
O,M,4
O,N,new
O,N,photos
O,-,-
O,N,at
O,N,Gia_đình
O,A,nhỏ
O,-,-
O,Np,Hạnh_Phúc
O,A,To
O,0,0
O,Np,Photos
O,V,from
O,Np,Thanh
O,Np,Nguyễn
O,N,'
O,N,s
O,N,post
O,N,]
O,N,[
O,",",","
O,Np,Hana
O,Np,Dang
O,V,shared
O,N,her
O,N,post
O,0,0
O,Np,Hana
O,\n,\n
B-AGE,N,Thôi_nôi
O,N,con
O,V,yêu
O,0,0
O,?,?
B-NAME,Np,Sinsin
O,M,12
O,-,-
O,M,4
O,0,0
O,N,]
O,N,[
O,",",","
O,Np,Ngoc
O,Np,Ben
O,V,shared
O,N,Nhất
O,Np,Nam
O,N,'
O,V,s
O,N,post
O,0,0
B-NAME,Np,Nam
O,\n,\n
O,N,Tròn
B-AGE,M,1
I-AGE,N,tuổi
O,R,rồi
O,!,!
O,R,Mới
O,N,ngày
O,P,nào
O,N,anh_chị
O,V,còn
O,V,đợi
O,N,ra_đời
O,",",","
O,N,nay
O,R,đã
O,V,chạy
O,V,lon_ton
O,V,theo
O,N,mẹ
O,0,0
O,V,Sinh_nhật
O,N,nó
O,C,mà
O,N,anh_chị
O,V,hóng
O,R,từng
O,Nu,giây
O,",",","
O,R,từng
O,N,phút
O,!,!
O,V,Yêu
O,A,lắm
O,N,ý
O,!,!
O,?,?
O,N,]
O,N,[
O,N,Đứa
O,N,trẻ
O,P,nào
O,V,sinh
O,R,ra
O,R,cũng
O,R,đều
O,V,được
O,Np,Thượng
O,N,đế
O,N,ban
O,M,một
O,N,sứ_mệnh
O,N,–
O,V,mang
O,R,lại
O,Nc,niềm
O,N,hạnh_phúc
O,E,cho
O,N,người_lớn
O,0,0
O,V,Cảm_ơn
O,N,con
B-NAME,N,thiên_thần
I-NAME,N,bé_nhỏ
O,R,đã
O,V,hoàn_thành
O,A,tốt
O,N,sứ_mệnh
O,N,cao_cả
O,E,của
O,N,mình
O,0,0
O,N,Con
O,V,thấy
O,R,không
O,",",","
O,N,ba
O,N,mẹ
O,",",","
O,N,ông
O,N,bà
O,V,…
O,L,những
O,N,người
O,V,thương_yêu
O,N,con
O,R,đang
O,V,ngập_tràn
O,N,hạnh_phúc
O,V,đón_chào
O,A,tròn
O,M,một
O,N,năm
O,N,ngày
O,N,con
O,V,chào_đời
O,0,0
O,N,Lễ
B-AGE,A,thôi_nôi
O,A,vui_vẻ
O,",",","
O,N,ý_nghĩa
O,CC,và
O,R,hãy
O,V,mang
O,R,lại
O,R,thật
O,A,nhiều
O,N,hạnh_phúc
O,V,cho
O,L,mọi
O,N,người
O,N,con
O,N,nhé
O,0,0
O,V,Yêu
O,N,con
O,A,nhiều
O,!,!
O,",",","
O,Np,Hanh
O,Np,Pink
O,V,with
O,Np,Nhok
O,Np,Anh
O,0,0
O,N,]
O,N,[
O,N,Chúc_mừng
O,N,sinh_nhật
O,N,em
B-NAME,Np,Ken
O,0,0
O,Np,Chúc
O,N,con
O,N,mau
O,V,ăn
O,N,chóng
O,A,lớn
O,",",","
O,N,ngon
O,V,va
O,V,học
O,A,giỏi
O,V,cho
O,N,mẹ
O,V,nhờ
O,N,nè
O,0,0
O,V,Cảm_ơn
O,N,mợ
O,Np,Vinh
O,Np,Binh
O,E,Do
O,R,đã
O,V,tặng
O,E,cho
O,N,con_cái
O,N,bánh
O,N,sinh_nhật
O,A,đẹp
O,N,nha
O,",",","
O,Np,Thanh
O,Np,Thu
O,N,added
O,M,5
O,N,new
O,N,photos
O,-,-
O,N,with
O,Np,Lưu
O,Np,Thiện
O,Np,Đức
O,0,0
O,Np,Photos
O,A,from
O,Np,Thanh
O,Np,Thu
O,N,'
O,N,s
O,N,post
O,N,]
O,N,[
O,Np,CN
O,N,Em
O,V,đi
B-AGE,N,thôi_nôi
O,",",","
O,Np,Dao
O,Np,Huynh
O,V,added
O,M,7
O,N,new
O,N,photos
O,-,-
O,N,at
O,N,Con
O,N,Gà
O,Np,Trống
O,Np,Garden
O,M,2
O,0,0
O,Np,Photos
O,V,from
O,Np,Dao
O,Np,Huynh
O,N,'
O,N,s
O,N,post
O,N,]
O,N,[
O,N,Ngày
O,E,của
O,Np,Ngoại
O,",",","
O,E,của
O,L,các
O,N,Mẹ
O,",",","
O,E,của
O,L,các
O,N,Dì
B-AGE,N,Thôi_nôi
B-NAME,N,quý_tử
O,E,của
O,N,dì
O,Np,Hương
O,?,?
O,",",","
O,Np,Hồ
O,Np,Christine
O,V,added
O,M,36
O,N,new
O,N,photos
O,-,-
O,N,with
O,Np,Hoàng
O,Np,Thi
O,N,and
O,M,7
O,N,others
O,N,at
O,Np,Nhà_Hàng
O,V,Sinh
O,Np,Thái_Bình
O,Np,Xuyên
O,0,0
O,Np,Photos
O,V,from
O,Np,Hồ
O,Np,Christine
O,N,'
O,N,s
O,N,post
O,N,]
O,N,[
B-AGE,N,Thôi_nôi
O,N,con_gái
O,?,?
O,V,Ăn
O,N,mau_chóng
O,A,lớn
O,N,con
O,N,nhé
O,",",","
O,Np,Tuyết
O,Np,Lê
O,V,added
O,M,30
O,N,new
O,N,photos
O,-,-
O,N,with
O,Np,Mĩ
O,Np,Hiền
O,N,and
O,M,8
O,N,others
O,0,0
O,Np,Photos
O,V,from
O,Np,Tuyết
O,Np,Lê
O,N,'
O,N,s
O,N,post
O,N,]
O,N,[
O,N,Hôm_nay
O,V,là
O,N,ngày
O,A,đặc_biệt
O,E,của
B-NAME,Np,Ẻm
O,",",","
B-NAME,Np,Ẻm
O,V,có_mặt
O,V,là
O,N,sự_kiện
O,R,rất
O,A,đặc_biệt
O,",",","
O,N,cột
O,N,mốc
O,A,quan_trọng
O,A,nhất
O,E,của
O,N,Mẹ
O,",",","
O,V,ghi_nhớ
O,R,rất
O,A,sâu
O,CC,và
O,N,có_lẽ
O,R,cũng
O,R,rất
O,A,Lâu
O,0,0
B-NAME,Np,Ẻm
O,A,tròn
B-AGE,M,4
I-AGE,N,tuổi
O,R,rồi
O,",",","
O,N,mẹ
O,V,yêu
B-NAME,V,Ẽm
O,A,lắm
O,",",","
O,R,chỉ
O,V,mong
O,V,là
O,N,luôn
O,N,khoẻ
O,CC,và
O,N,ngoan_ngoãn
O,",",","
O,V,học
O,A,giỏi
O,V,là
O,A,đủ
O,A,vui
O,R,rồi
O,0,0
O,N,Luôn
O,A,ngoan
O,",",","
O,V,yêu
O,Np,Ba
O,N,Mẹ
O,CC,và
O,N,chị
O,M,2
O,N,nhé
O,!,!
O,N,I
O,Np,LOVE
O,Np,YOU
O,!,!
O,?,?
O,M,17/5/2013
O,-,-
O,M,17/5/2017
O,",",","
O,Np,Ngoc
O,Np,Diem
O,V,added
O,M,3
O,N,new
O,N,photos
O,-,-
O,N,with
O,Np,Minh
O,Np,Hung
O,0,0
O,Np,Photos
O,V,from
O,Np,Ngoc
O,Np,Diem
O,N,'
O,N,s
O,N,post
O,N,]
O,N,[
O,V,Lên
O,N,mâm
O,N,khách
O,V,cúng
B-AGE,N,thôi_nôi
O,A,tuyệt_vời
O,0,0
O,",",","
O,N,]
O,N,[
O,P,Cả
O,N,nhà
O,V,đi
O,V,dự
B-AGE,Np,Thôi_Nôi
O,N,bé
B-NAME,Np,Bảo_An
O,",",","
O,N,Mộng
O,Np,Thanh
O,V,added
O,M,7
O,N,new
O,N,photos
O,-,-
O,N,feeling
O,N,lovely
O,N,at
O,M,54
O,Np,Nguyễn
O,Np,Thị
O,Np,Thập
O,Np,Quận
O,M,7
O,0,0
O,Np,Nhà_Hàng
O,Np,TANO
O,0,0
O,Np,Photos
O,V,from
O,N,Mộng
O,Np,Thanh
O,N,'
O,N,s
O,N,post
O,N,]
O,N,[
O,N,Mẹ
O,V,xề
O,N,bây_giờ
O,N,thành
O,0,0
O,N,gái
O,M,1
O,N,con
O,V,trông
O,N,mọi
O,N,người
O,M,2
O,Nc,con
O,N,mắt
O,V,rùi
O,N,nha
O,0,0
O,N,Phụ_nữ
O,V,mang
O,N,thai
O,CC,và
O,E,sau
O,V,sinh
O,V,phải
O,V,nói
O,C,là
O,N,xấu
O,N,banh
O,N,nóc
O,0,0
O,N,Thứ
O,M,1
O,V,là
O,N,mập
O,",",","
O,N,thứ
O,M,2
O,V,là
O,N,to
O,N,chà
O,N,bá
O,0,0
O,V,Nhìn
O,C,là
O,N,chán
O,P,ấy
O,",",","
O,N,vì_vậy
O,C,nên
O,L,các
O,N,bạn
O,N,nữ
O,E,của
O,N,tui
O,T,ơi
O,",",","
O,V,lấy
O,N,chồng
O,V,thi
O,V,phải
O,V,sinh
O,N,con
O,",",","
O,C,nhưng
O,V,sinh
O,R,xong
O,V,nhớ
O,V,phải
O,V,làm_đẹp
O,R,lại
O,V,cho
O,N,mình
O,V,cho
O,N,chồng
O,P,mình
O,R,luôn
O,N,nha
O,0,0
O,N,Vì_thế
O,V,muốn
O,V,làm_đẹp
O,N,trước_hết
O,V,phải
O,V,giảm
O,N,cân
O,",",","
O,V,phải
O,V,nỗ_lực
O,V,giảm
O,N,cân
O,V,nghe
O,N,hok
O,0,0
O,Np,Hihi
O,0,0
O,P,Ai
O,V,muốn
O,V,giảm
O,N,cân
O,V,thi
O,N,inbox
O,N,minh
O,0,0
O,R,Không
O,V,mua
O,N,không_sao
O,0,0
O,V,Đừng
O,V,ngại_ngùng
O,N,inbox
O,N,mình
O,V,tư_vấn
O,N,nha
O,!,!
O,",",","
O,Np,Pham
O,Np,Giang
O,V,added
O,M,2
O,N,new
O,N,photos
O,0,0
O,Np,Photos
O,V,from
O,Np,Pham
O,Np,Giang
O,N,'
O,N,s
O,N,post
O,N,]
O,N,[
O,Np,Chúc
O,N,con
O,V,thêm
O,N,tuổi
O,R,mới
O,A,vui_vẻ
O,",",","
O,N,mạnh_khoẻ
O,",",","
O,N,mau
O,V,ăn
O,N,chóng
O,A,lớn
O,N,nha
O,0,0
O,Np,Ba
O,N,mẹ
O,V,yêu
O,N,con
O,A,nhiều
O,?,?
O,",",","
O,N,MiTy
O,Np,Trần
O,V,added
O,M,15
O,N,photos
O,N,and
O,N,anh
O,V,video
O,A,to
O,N,the
O,V,album
O,:,:
O,N,Sinh_nhật
B-NAME,Np,Phúc
B-AGE,M,2
I-AGE,N,tuổi
O,-,-
O,M,12/05/2017
O,-,-
O,N,with
O,Np,Tam
O,Np,Nguyen
O,0,0
O,Np,Photos
O,V,from
O,N,MiTy
O,Np,Trần
O,N,'
O,N,s
O,N,post
O,N,]
O,N,[
O,",",","
O,Np,Thuy
O,Np,Linh
O,Np,Nguyen
O,V,shared
O,Np,Gioi
O,Np,Trinh
O,Np,Thanh
O,N,'
O,N,s
O,N,post
O,0,0
O,Np,Gioi
O,\n,\n
O,N,BỆNH_VIỆN
O,N,ĐA_KHOA
O,N,TỈNH
O,Np,HẬU
O,Np,GIANG
O,Np,Chích
O,N,thuốc
O,V,gây
O,N,""""""
O,M,CHẾT
O,N,NGƯỜI
O,N,""""""
O,0,0
O,?,?
O,N,Sáng
O,M,9
O,N,giờ
O,N,ngày
O,M,13/5/2016
O,Np,Bệnh_Viện
O,Np,Đa_Khoa
O,N,Tỉnh
O,Np,Hậu
O,Np,Giang
O,V,tiếp_nhận
O,N,bệnh_nhân
O,Np,Nguyễn
O,Np,Thị
O,Np,Thu
O,Np,Lan
O,M,30
O,N,tuổi
O,",",","
O,N,địa_chỉ
O,Np,Ấp
O,Np,Phước
O,Np,Thạnh
O,-,-
O,Np,Vĩnh
O,Np,Phước
O,N,anh
O,-,-
O,Np,Gò
O,Np,Quao
O,-,-
O,Np,Kiên
O,Np,Giang
O,",",","
O,N,bệnh_nhân
O,V,bị
O,N,viêm
O,N,xoang
O,CC,và
O,V,bị
O,V,ho
O,",",","
O,E,sau
O,N,khi
O,V,đến
O,Np,Bệnh_Viện
O,C,thì
O,Np,Bệnh_Viện
O,Np,Đa_Khoa
O,N,Tỉnh
O,Np,Hậu
O,Np,Giang
O,V,bắt
O,N,nhập_viện
O,0,0
O,R,Vừa
O,V,nhập_viện
O,Np,Bác_Sĩ
O,N,""""""
O,V,tiêm
O,N,""""""
O,E,cho
O,M,2
O,N,mũi
O,N,thuốc
O,V,làm
O,N,bệnh_nhân
O,V,thấy
O,A,mệt_mỏi
O,",",","
O,N,nôn
O,V,ói
O,CC,và
O,V,bị
O,N,dường_như
O,V,bị
O,N,""""""
O,Np,Sốc
O,Np,Thuốc
O,N,""""""
O,V,làm
O,Np,Chị
O,Np,Lan
O,V,xỉu
O,R,ngay_lập_tức
O,V,phải
O,V,cấp_cứu
O,R,ngay
O,0,0
O,E,Sau
O,N,vài
O,N,giờ
O,N,bệnh_nhân
O,V,kỏe
O,R,lại
O,N,đôi_chút
O,",",","
O,N,khoảng
O,M,2
O,Nu,giờ
O,N,bệnh_nhân
O,V,mệt
O,R,lại
O,N,và
O,V,cấp_cứu
O,N,lần
O,M,2
O,0,0
O,E,Đến
O,N,khoảng
O,M,15
O,Nu,giờ
O,E,đến
O,M,15
O,Nu,giờ
O,M,40
O,Nu,phút
O,N,bệnh_nhân
O,N,qua_đời
O,!,!
O,C,Nhưng
O,N,bảo_vệ
O,R,không
O,V,cho
O,N,người_thân
O,V,vào
O,",",","
O,N,Anh
O,Np,Trịnh
O,Np,Thanh
O,Np,Trí
O,V,(
O,N,chồng
O,Np,Chị
O,Np,Lan
O,V,)
O,V,phải
O,V,đập
O,N,cửa
O,A,dữ_dội
O,N,thì
O,R,mới
O,V,vào
O,R,được
O,!,!
O,V,Vào
O,N,phòng
O,C,thì
O,Nc,chị
O,Np,Lan
O,R,đã
O,N,""""""
O,V,Chết
O,N,""""""
O,N,điều
O,V,ngạc_nhiên
O,V,là
O,L,các
O,N,""""""
O,Np,Bác_Sĩ
O,-,-
O,Np,Y_Tá
O,N,""""""
O,R,không
O,V,còn
O,P,ai
O,N,trong
O,N,phòng
O,N,mà_lại
O,R,không
O,V,cho
O,N,người_thân
O,N,""""""
O,V,vào
O,N,""""""
O,N,sự_thật
O,N,đắng
O,N,lòng
O,!,!
O,Np,Chị
O,V,mất
O,V,bỏ
O,R,lại
O,M,2
O,N,cháu
B-NAME,Np,Trịnh
I-NAME,Np,Thanh
I-NAME,Np,Thức
B-AGE,M,7
I-AGE,N,tuổi
O,CC,và
B-NAME,Np,Trịnh
I-NAME,Np,Thanh
O,Np,Tròn
B-AGE,M,4
I-AGE,N,tuổi
O,R,thật
O,V,đáng
O,V,thương
O,",",","
O,V,kể
O,E,từ
O,P,đây
O,M,2
O,N,cháu
O,V,phải
O,V,xa_lìa
O,N,Mẹ
O,A,mãi_mãi
O,",",","
O,R,không
O,V,còn
O,N,ai
O,V,chăm_sóc
O,",",","
O,N,dại
O,N,dổ
O,CC,và
O,V,dành
O,N,ấp
O,A,đầy
O,V,yêu_thương
O,C,như
O,N,ngày
O,P,nào
O,!,!
O,V,Nhờ
O,Np,Anh_Chị_Em
O,V,gần_xa
O,",",","
O,L,Các
O,N,nhà_báo
O,",",","
O,L,các
O,N,cấp
O,N,chính_quyền
O,V,tiếp_xúc
O,CC,và
O,V,làm
O,V,thêm
O,A,rõ
O,N,nguyên_nhân
O,V,là
O,Nc,Chị
O,Np,Lan
O,N,""""""
O,V,CÓ
O,V,BỊ
O,N,SỐC
O,N,THUỐC
O,V,CHẾT
O,N,""""""
O,0,0
O,?,?
O,E,để
O,N,chị
O,V,được
O,N,yên
O,V,nghĩ
O,C,mà
O,V,xuôi
O,N,tay
O,V,nhắm_mắt
O,0,0
O,Np,Người
O,V,viết
O,:,:
O,N,Em
O,N,Chồng
O,:,:
O,M,trinhgioi91
O,N,@
O,N,gmail
O,0,0
O,V,com
O,N,]
O,N,[
O,Np,Chúc
B-NAME,Np,Ken
O,N,mau
O,V,ăn
O,N,chóng
O,A,lớn
O,-,-
O,V,cho
O,N,mẹ
O,Np,Tam
O,Np,Tit
O,V,đỡ
O,A,cực
O,!,!
O,",",","
O,Np,Nguyên
O,Np,Nguyên
O,V,added
O,M,17
O,N,new
O,N,photos
O,-,-
O,V,eating
O,N,bữa
O,N,tiệc
O,N,sinh_nhật
O,V,with
O,Np,Nguyễn
O,Np,Nhung
O,N,and
O,M,2
O,N,others
O,N,at
O,N,Nhà_hàng
O,N,làng
O,V,nướng
O,Np,Nam
O,Np,Bộ
O,Np,Q10
O,0,0
O,Np,Photos
O,V,from
O,Np,Nguyên
O,Np,Nguyên
O,N,'
O,N,s
O,N,post
O,N,]
O,N,[
O,R,Mới
O,N,hôm_qua
O,V,mong_ngóng
O,N,con
O,V,chào_đời
O,",",","
O,C,mà
O,N,hôm_nay
O,N,con
O,R,đã
O,V,sắp
O,N,tròn
B-AGE,M,1
I-AGE,N,tuổi
O,",",","
O,R,đã
O,V,là
O,N,thanh_niên
O,R,sắp
O,V,có_tuổi
O,Np,Album
O,N,lưu_giữ
O,N,hình_ảnh
B-NAME,Np,Tùng
I-NAME,Np,Khôi
O,",",","
O,Np,Phượng
O,Np,Pi
O,V,added
O,M,2
O,N,new
O,N,photos
O,A,to
O,N,the
O,V,album
O,:,:
O,N,Thanh_niên
O,R,sắp
O,V,có_tuổi
O,N,^^
O,0,0
O,N,Thanh_niên
O,R,sắp
O,V,có_tuổi
O,N,^^
O,\n,\n
O,R,Mới
O,N,hôm_qua
O,V,mong_ngóng
O,N,con
O,V,chào_đời
O,",",","
O,C,mà
O,N,hôm_nay
O,N,con
O,R,đã
O,V,sắp
O,N,tròn
B-AGE,M,1
I-AGE,N,tuổi
O,",",","
O,R,đã
O,V,là
O,N,thanh_niên
O,R,sắp
O,V,có_tuổi
O,Np,Album
O,N,lưu_giữ
O,N,hình_ảnh
B-AGE,Np,Tùng
I-AGE,V,Khôi
O,N,]
O,N,[
B-AGE,V,Thôi_nôi
O,N,ông
O,N,bạn
O,",",","
O,Np,Mỹ
O,Np,Phụng
O,V,added
O,M,13
O,N,new
O,N,photos
O,-,-
O,N,with
O,N,Bé
B-NAME,Np,Su
O,N,and
O,M,3
O,N,others
O,0,0
O,Np,Photos
O,V,from
O,Np,Mỹ
O,Np,Phụng
O,N,'
O,N,s
O,N,post
O,N,]
O,N,[
O,Np,Mừng
O,N,con_gái
O,E,của
O,N,ba
O,N,va
O,N,mẹ
O,A,tròn
B-AGE,M,1
I-AGE,N,tuổi
O,N,ne
O,0,0
O,Np,Chúc
O,N,con_gái
O,E,của
O,N,mẹ
O,N,an
O,N,mau
O,V,chống
O,A,lớn
O,0,0
O,V,P/s
O,:,:
O,N,con
O,V,bóc
O,N,dây
O,N,thước
O,C,với
O,N,kéo
O,0,0
O,N,cây_viết
O,V,với
O,N,vàng
O,N,nữa
O,V,mong
O,N,sau
O,N,tương_lai
O,E,của
O,N,con
O,V,được
O,A,Như
O,L,những
O,N,gì
O,C,mà
O,N,con
O,V,yêu
O,Np,Thích
O,0,0
O,N,Con_gái
O,E,của
O,N,ba
O,N,mẹ
O,N,à
O,0,0
O,",",","
O,Np,Xinh
O,Np,Huỳnh
O,V,added
O,M,19
O,N,new
O,N,photos
O,-,-
O,N,feeling
O,N,lovely
O,N,with
O,Np,Đức
O,Np,Huỳnh
O,0,0
O,Np,Photos
O,V,from
O,Np,Xinh
O,Np,Huỳnh
O,N,'
O,N,s
O,N,post
O,N,]
O,N,[
O,N,Con_trai
O,V,yêu
O,E,của
O,N,mẹ
B-AGE,M,2
I-AGE,N,tuổi
O,N,rồi
O,V,ak
O,N,nha
O,?,?
O,N,Mẹ
O,N,chúc
O,N,con_trai
O,N,mau
O,V,ăn
O,N,chóng
O,A,lớn
O,N,sức_khoẻ
O,A,tốt
O,V,là
O,N,mẹ
O,V,mừng
O,R,rồi
O,?,?
O,N,Năm
O,P,nay
O,V,phải_biết
O,V,xin
O,N,tiền
O,N,mẹ
O,P,đó
O,V,nhe
O,?,?
O,V,P/s
O,:,:
O,N,mặt
O,N,biểu
O,V,cảm_thấy
O,V,ghét
O,R,quá
O,?,?
O,",",","
O,Np,Trinh
O,Np,Ngọc
O,V,added
O,M,7
O,N,new
O,N,photos
O,-,-
O,N,feeling
O,N,lovely
O,N,with
O,Np,H
O,0,0
O,Np,Thắng
O,0,0
O,Np,Photos
O,V,from
O,Np,Trinh
O,Np,Ngọc
O,N,'
O,N,s
O,N,post
O,N,]
O,N,[
O,P,Vậy
O,C,là
O,M,hai
O,N,con_gái
O,E,của
O,N,ba
O,N,mẹ
O,A,tròn
B-AGE,M,2
I-AGE,N,tuổi
O,R,rồi
O,N,nè
O,0,0
O,?,?
O,M,Hai
O,N,con
B-NAME,N,dê
I-NAME,A,con
O,E,của
O,N,ba
O,N,mẹ
O,N,mau
O,V,ăn
O,N,chóng
O,A,lớn
O,N,con
O,N,nhé
O,0,0
O,?,?
O,A,ngoan_ngoãn
O,N,nè
O,Np,Ba
O,V,me
O,V,yêu
O,M,hai
O,N,con
O,A,nhiều
O,R,lắm
O,0,0
O,M,ba
O,N,me
O,R,sẽ
O,V,cố_gắng
O,V,dành
O,L,những
O,N,j
O,A,tốt
O,A,nhất
O,V,cho
O,L,các
O,N,con
O,E,của
O,N,ba
O,N,me
O,0,0
O,Np,Me
O,R,chỉ
O,V,mong
O,N,gđ
O,A,nhỏ
O,E,của
O,P,mình
O,R,mãi
O,V,được
O,N,bình_yên
O,C,như
O,P,vậy
O,N,thôi
O,N,nè
O,0,0
O,R,Sắp
O,V,tới
O,N,gđ
O,A,nhỏ
O,E,của
O,P,mình
O,R,lại
O,V,đón
O,V,thêm
O,N,thành_viên
O,R,mới
O,R,nữa
O,R,rồi
O,0,0
O,?,?
O,N,Ba
O,N,mẹ
O,V,yêu
O,L,các
O,N,con
O,A,nhiều
O,N,lắm
O,A,lắm
O,N,nè
O,0,0
O,?,?
O,",",","
O,Np,Dung
O,Np,Dung
O,V,added
O,M,3
O,N,new
O,N,photos
O,-,-
O,N,feeling
O,N,lovely
O,N,with
O,Np,Xu
O,Np,Ka
O,N,and
O,M,2
O,N,others
O,0,0
O,Np,Photos
O,V,from
O,Np,Dung
O,Np,Dung
O,N,'
O,N,s
O,N,post
O,N,]
O,N,[
O,N,chúc_mừng
O,N,sinh_nhật
O,N,con_trai
O,",",","
O,V,chúc
O,N,con
O,N,tuổi
O,A,mới
O,N,mau
O,V,ăn
O,N,chóng
O,A,lớn
O,N,vâng
O,N,lời
O,N,ông
O,N,bà_ba
O,N,mẹ
O,",",","
O,V,iu
O,N,con
O,?,?
O,",",","
O,N,]
O,N,[
O,V,Đi
B-AGE,A,đầy_tháng
O,C,mà
O,R,không
O,V,chụp
O,N,đc
O,E,với
O,N,nhân_vật
O,N,chính
O,N,tấm
O,P,nào
O,N,toàn
O,N,hình
O,N,mẹ
O,N,con_em
O,0,0
O,",",","
O,Np,Su
O,Np,Si
O,V,added
O,M,10
O,N,new
O,N,photos
O,-,-
O,N,feeling
O,V,glad
O,N,with
O,Np,Lâm
O,Np,Khả
O,Np,Hân
O,N,and
O,M,2
O,N,others
O,0,0
O,Np,Photos
O,V,from
O,Np,Su
O,Np,Si
O,N,'
O,N,s
O,N,post
O,N,]
O,N,[
O,N,Ý_nghĩa
O,E,của
O,N,icon
O,N,""""""
O,N,hoa_màu
O,A,tím
O,N,""""""
O,R,vừa
O,V,được
O,V,facebook
O,R,thêm
O,V,vào
O,N,phần
O,N,cảm_xúc
O,0,0
O,P,Đó
O,V,là
O,N,hình_ảnh
O,N,hoa
O,Np,Thạch
O,Np,Thảo
O,N,loài
O,N,hoa
O,V,dùng
O,E,để
O,V,tưởng_niệm
O,L,những
O,N,người
O,R,đã
O,V,khuất
O,0,0
O,P,đó
O,V,là
O,N,lí_do
O,N,vì_sao
O,N,nó
O,V,có
O,N,tiếng
O,N,việt
O,V,là
O,N,""""""
O,V,Biết_ơn
O,N,""""""
O,0,0
O,N,Vì_vậy
O,N,mấy
O,N,mem
O,N,đừng
O,V,thả
O,N,hoa
O,N,khi
O,N,em
O,V,post
O,N,hình
O,V,lên
O,N,nhé
O,?,?
O,N,em
O,R,vẫn
O,V,còn
O,A,yêu_đời
O,R,lắm
O,0,0
O,?,?
O,V,Khuyến_cáo
O,:,:
O,R,không
O,V,sử_dụng
O,N,icon
O,P,này
O,V,cho
O,L,các
O,N,hình_ảnh
O,N,đám_cưới
O,",",","
O,N,đám_hỏi
O,",",","
O,N,thôi_nôi
O,",",","
B-AGE,N,đầy_tháng
O,",",","
B-AGE,N,sinh_nhật
O,",",","
O,V,mừng
O,N,thọ
O,0,0
O,V,thả
O,N,bông
O,V,là
O,P,họ
O,V,đập
O,V,cho
O,N,bầm
O,V,dập
O,R,luôn
O,V,á
O,?,?
O,V,<
O,Np,Share
O,V,về
O,N,">,"
O,N,]
O,N,[
O,N,Hôm_nay
B-AGE,V,đầy_tháng
O,N,cháu
B-NAME,V,Đan
I-NAME,Np,Nguyên
O,",",","
O,Np,Hang
O,Np,Vo
O,V,added
O,M,6
O,N,new
O,N,photos
O,-,-
O,N,feeling
O,N,glad
O,N,with
O,Np,Katie
O,Np,Vo
O,N,and
O,M,2
O,N,others
O,0,0
O,Np,Photos
O,V,from
O,Np,Hang
O,Np,Vo
O,N,'
O,N,s
O,N,post
O,N,]
O,N,[
O,M,7/5/2014
O,-,-
O,M,7/5/2017
O,0,0
O,N,trai
O,N,bé
O,N,của
O,N,bố_mẹ
O,R,đã
O,A,tròn
B-AGE,M,3
I-AGE,N,tuổi
O,R,rồi
O,0,0
O,V,Yêu
O,N,chàng
O,N,trai
O,N,tháng
O,M,5
O,N,lí_lắc
O,CC,và
O,N,dễ_thương
O,E,của
O,N,mẹ
O,A,nhiều
O,R,lắm
O,0,0
O,N,Tuổi
O,A,mới
O,",",","
O,N,mẹ
O,V,mong
O,N,em
O,R,luôn
O,V,mạnh_khoẻ
O,N,và
O,A,ngoan_ngoãn
O,N,nhé
O,0,0
O,Np,Love
O,N,you
O,V,so
O,N,much
O,",",","
O,Np,Thanh
O,Np,Hiên
O,N,added
O,M,21
O,N,new
O,N,photos
O,A,to
O,N,the
O,V,album
O,:,:
O,N,SINH_NHẬT
B-NAME,Np,BEN
B-AGE,M,3
I-AGE,N,tuổi
O,-,-
O,N,with
O,Np,Bống
O,Np,Hiên
O,0,0
O,Np,Photos
O,V,from
O,Np,Thanh
O,Np,Hiên
O,N,'
O,N,s
O,N,post
O,N,]
O,N,[
O,R,Còn
O,M,5
O,N,tháng
O,R,nữa
O,N,em
O,N,ấy
O,A,tròn
B-AGE,M,5
I-AGE,N,tuổi
O,!,!
O,",",","
O,Np,Yu
O,Np,Mi
O,V,shared
O,N,anh
O,V,memory
O,0,0
O,Np,Yu
O,N,]
O,N,[
O,Np,Hello
B-AGE,N,gà
I-AGE,N,con
O,?,?
O,N,mau
O,V,ăn
O,N,chóng
O,A,lớn
O,N,nha
O,N,con_trai
O,?,?
O,",",","
O,N,]
O,N,[
O,?,?
O,Np,Mừng
O,V,sinh_nhật
B-AGE,M,một
I-AGE,N,tuổi
O,N,con_gái
O,V,yêu
O,?,?
O,M,8
O,-,-
O,M,5
O,-,-
O,M,2016
O,M,8
O,-,-
O,M,5
O,-,-
O,M,2017
O,?,?
O,Np,Chúc
O,N,con_gái
O,N,mau
O,V,ăn
O,N,chóng
O,A,lớn
O,",",","
O,V,nghe
O,N,lời
O,N,ông_bà
O,",",","
O,N,ba
O,N,mẹ
O,N,nha
O,0,0
O,V,Yêu
O,N,con_gái
O,E,của
O,N,mẹ
O,A,nhiều
O,A,nhiều
O,0,0
O,?,?
O,V,P/s
O,:,:
O,V,Cám_ơn
O,N,tất_cả
O,L,mọi
O,N,người
O,R,đã
O,V,đến
O,A,chung
O,V,vui
O,E,với
O,N,gia_đình
O,N,nhà
B-NAME,Np,Nhím
O,0,0
O,Np,Hjhj
O,0,0
O,",",","
O,Np,Thanh_Thanh
O,V,added
O,M,9
O,N,new
O,N,photos
O,-,-
O,N,celebrating
O,N,baby
O,N,shower
O,N,with
O,Np,Trúc
O,Np,Thanh
O,Np,Phạm
O,N,and
O,Np,Trinh
O,Np,Pham
O,0,0
O,Np,Photos
O,V,from
O,Np,Thanh_Thanh
O,N,'
O,N,s
O,N,post
O,N,]
O,N,[
O,V,Gửi
B-NAME,N,VoVa
O,?,?
O,Np,Tròn
B-AGE,M,3
I-AGE,N,tuổi
O,:,:
O,?,?
O,N,Đức_độ
O,",",","
O,N,thông_minh
O,",",","
O,N,hoạt_bát
O,",",","
O,N,sức_khoẻ
O,CC,và
O,V,nhường
O,N,đồ_chơi
O,V,cho
O,N,em
B-NAME,Np,Conan
O,N,nhé
O,N,con_trai
O,0,0
O,V,P/s
O,:,:
O,V,mệt
O,C,nhưng
O,V,thấy
O,N,con
O,A,vui_vẻ
O,E,với
O,N,bạn_bè
O,V,là
O,N,mẹ
O,V,hết
O,N,mệt
O,0,0
O,?,?
O,",",","
O,Np,Dang
O,Np,Jennifer
O,V,added
O,M,6
O,N,new
O,N,photos
O,0,0
O,Np,Photos
O,V,from
O,Np,Dang
O,Np,Jennifer
O,N,'
O,N,s
O,N,post
O,N,]
O,N,[
O,R,Mới
O,N,ngày
O,P,nào
B-AGE,M,một
I-AGE,N,tuổi
O,N,bữa_nay
O,N,gái
O,V,yêu
O,E,của
O,N,mẹ
O,R,đã
O,A,tròn
B-AGE,M,2
I-AGE,N,tuổi
O,N,uổi
O,R,rồi
O,0,0
O,V,Mong
O,N,gái
O,V,yêu
O,N,mau
O,V,ăn
O,N,chóng
O,A,lớn
O,N,và
O,N,khoẻ_mạnh
O,0,0
O,Np,Happy
O,V,birth
O,N,day
B-NAME,Np,Xu
O,?,?
O,",",","
O,Np,Phuong
O,Np,Ha
O,Np,Tran
O,V,added
O,M,3
O,N,new
O,N,photos
O,0,0
O,Np,Photos
O,V,from
O,Np,Phuong
O,Np,Ha
O,Np,Tran
O,N,'
O,V,s
O,N,post
O,\n,\n
O,Np,Long
O,N,an
O,V,city
O,N,]
O,N,[
O,Np,Mừng
B-AGE,V,đầy_tháng
O,N,con_gái
O,?,?
B-NAME,N,Như
I-NAME,N,babi
O,?,?
O,",",","
O,Np,Khánh
O,Np,Anh
O,V,with
O,Np,Hoài
O,Np,Phương
O,N,and
O,Np,Tuyết
O,Np,Tuyết
O,0,0
O,N,]
O,N,[
O,?,?
O,V,Cám_ơn
O,L,các
O,N,cô
O,N,chú
O,",",","
O,N,anh_chị
O,CC,và
O,N,bạn_bè
O,A,thân_yêu
O,R,đã
O,V,đến
O,V,dự
O,N,tiệc
B-AGE,N,thôi_nôi
O,N,bé
B-NAME,Np,Khả
I-NAME,Np,Di
O,?,?
O,V,Cám_ơn
O,N,mọi
O,N,người
O,A,nhiều
O,N,nhìu
O,?,?
O,V,p/s
O,:,:
O,N,ẻm
O,A,nhõng_nhẽo
O,R,quá
O,R,không
O,V,chụp
O,N,đc
O,N,tấm
O,P,nào
O,C,nên
O,M,ba
O,N,mẹ
O,A,vớt_vát
O,N,mấy
O,N,tấm
O,?,?
O,",",","
O,Np,Gia
O,Np,Minh
O,Np,Dong
O,N,added
O,M,17
O,N,new
O,N,photos
O,-,-
O,N,with
O,Np,Khả
O,Np,Tú
O,Np,Lưu
O,N,and
O,Np,Cool
O,Np,Nguyễn
O,0,0
O,Np,Photos
O,V,from
O,Np,Gia
O,Np,Minh
O,Np,Dong
O,N,'
O,N,s
O,N,post
O,N,]
O,N,[
B-AGE,N,Thôi_nôi
O,N,con_gái
O,P,nó
O,C,nhưng
O,M,hai
O,N,đứa
O,A,lớn
O,V,phải
O,A,đẹp
O,A,trước
O,R,đã
O,?,?
O,0,0
O,N,"#,"
O,Np,Tram
O,Np,Nguyen
O,V,added
O,M,2
O,N,new
O,N,photos
O,-,-
O,N,with
O,Np,Nguyễn
O,Np,Phạm
O,Np,Quỳnh
O,Np,Vy
O,0,0
O,Np,Photos
O,V,from
O,Np,Tram
O,Np,Nguyen
O,N,'
O,N,s
O,N,post
O,N,]
O,N,[
O,N,Chúc_mừng
O,N,sinh_nhật
O,N,con_gái
O,V,yêu
O,E,của
O,N,mẹ
O,A,tròn
B-AGE,M,2
I-AGE,N,tuổi
O,",",","
O,N,chúc
O,N,con
O,N,lúc_nào
O,R,cũng
O,V,cười
O,A,tít_mắt
O,N,và
O,A,vui_vẻ
O,C,như
O,P,này
O,N,nhé
O,",",","
O,V,yêu
O,N,con
O,?,?
O,",",","
O,N,Bé
B-NAME,Np,Nguyên
O,V,with
O,Np,Quang
O,Np,Huymobile
O,0,0
O,N,]
O,N,[
O,Np,Gđ
O,N,em
O,V,đi
B-AGE,N,thôi_nôi
B-NAME,N,ẽ
O,?,?
O,Np,Chúc
B-NAME,N,khoai_tây
O,N,mau
O,V,ăn
O,N,chóng
O,N,lon
O,0,0
O,Np,Luc
O,V,nao
O,N,cg
O,N,xih
O,N,va
O,N,ngoan_ngoãn
O,?,?
O,",",","
O,Np,Hằng
O,Np,Nguyễn
O,V,added
O,M,8
O,N,new
O,N,photos
O,-,-
O,N,with
O,N,QuocCuong
O,Np,Nguyen
O,0,0
O,Np,Photos
O,V,from
O,Np,Hằng
O,Np,Nguyễn
O,N,'
O,N,s
O,N,post
O,N,]
O,N,[
O,Np,Mừng
B-AGE,N,thôi_nôi
O,N,em
O,N,bé
B-NAME,Np,Bảo
I-NAME,Np,Châu
O,V,(
O,N,Tên
O,R,thường
O,V,gọi
O,:,:
B-NAME,Np,Ong
I-NAME,N,béo
O,?,?
O,N,)
O,\n,\n
O,N,Mẹ
O,A,cầu_chúc
O,N,con_gái
O,N,mẹ
O,R,luôn
O,A,khoẻ_mạnh
O,",",","
O,V,vui
O,V,cười
O,N,và
O,A,hạnh_phúc
O,?,?
O,N,Ba
O,N,mẹ
O,V,yêu
O,N,con
O,V,là
O,N,vô_hạn
O,",",","
O,N,ông_bà
O,V,yêu
O,N,con
O,R,cũng
O,A,vô_hạn
O,",",","
O,L,mọi
O,N,người
O,R,cũng
O,P,thế
O,N,con
O,N,ạ
O,?,?
O,0,0
O,R,Rất
O,A,nhiều
O,N,năm
O,N,sau_này
O,",",","
O,N,khi
O,V,lớn
O,R,lên
O,",",","
O,M,ba
O,N,mẹ
O,R,vẫn
O,V,mong
O,R,được
O,V,làm
O,N,người
O,N,bạn
O,V,đồng_hành
O,A,cùng
O,N,con
O,N,trên
O,A,suốt
O,N,quãng
O,N,đường
O,N,thơ_ấu
O,?,?
O,",",","
O,P,chúng_ta
O,R,sẽ
O,A,như
O,L,những
O,N,người
O,N,bạn
O,A,thân
O,R,rất
O,A,thân
O,N,nhé
O,N,con_gái
O,V,yêu
O,?,?
O,0,0
O,M,1
O,N,⃣
O,M,8
O,N,⃣
O,?,?
O,M,0
O,N,⃣
O,M,5
O,N,⃣
O,?,?
O,M,2
O,N,⃣
O,M,0
O,N,⃣
O,M,1
O,N,⃣
O,M,7
O,N,⃣
O,A,P/s
O,:,:
O,M,ba
O,N,mẹ
O,V,nghĩ
B-AGE,N,thôi_nôi
O,V,là
O,N,của
O,N,em
O,N,bé
O,",",","
O,N,phần
O,N,vì
O,R,cũng
O,R,đang
O,A,bận
O,",",","
O,N,ba
O,V,đi
O,A,xa
O,C,nên
O,M,ba
O,N,mẹ
O,R,không
O,V,tổ_chức
O,N,tiệc
B-AGE,N,thôi_nôi
O,C,như
O,R,đã
O,V,định
O,N,(
O,N,dù
O,R,rất
O,V,muốn
O,?,?
O,N,)
O,0,0
O,Np,Ba
O,N,mẹ
O,V,nhận
O,N,mọi
O,N,lời
O,V,chúc
O,V,yêu_thương
O,V,dành
O,R,cho
B-NAME,Np,Ong
O,N,ạ
O,",",","
O,Np,Đặng
O,Np,Khánh
O,Np,Hà
O,V,added
O,M,26
O,N,new
O,N,photos
O,-,-
O,N,with
O,Np,Đặng
O,Np,Túc
O,N,and
O,M,4
O,N,others
O,0,0
O,Np,Photos
O,V,from
O,Np,Đặng
O,Np,Khánh
O,Np,Hà
O,N,'
O,N,s
O,N,post
O,N,]
O,N,[
O,Np,Designer
O,:,:
O,N,dì
O,M,4
O,\n,\n
O,N,Chief
O,:,:
O,N,dì
O,M,4
O,\n,\n
O,N,Photographer
O,:,:
O,N,dì
O,M,4
O,\n,\n
O,N,All
O,N,for
B-NAME,Np,Bin
I-NAME,Np,Bin
O,N,'
O,N,s
O,N,birthday
O,?,?
O,",",","
O,Np,Viet
O,Np,Thu
O,Np,Nguyen
O,V,added
O,M,21
O,N,new
O,N,photos
O,A,to
O,N,the
O,A,album
O,:,:
O,N,Mừng
O,N,sinh_nhật
B-NAME,Np,Bin
I-NAME,Np,Bin
O,A,tròn
B-AGE,M,2
I-AGE,N,tuổi
O,-,-
O,N,with
O,Np,Nguyễn
O,Np,Thành
O,Np,Luân
O,N,and
O,Np,Nguyễn
O,Np,Hoài
O,Np,Hằng
O,0,0
O,Np,Photos
O,V,from
O,Np,Viet
O,Np,Thu
O,Np,Nguyen
O,N,'
O,N,s
O,N,post
O,N,]
O,N,[
B-AGE,N,Đầy_tháng
O,N,con_gái
O,V,yêu
O,E,của
O,N,mẹ
O,?,?
O,N,mẹ
O,V,chúc
O,N,con
O,N,mau
O,V,ăn
O,N,chóng
O,A,lớn
O,CC,và
O,R,luôn
O,A,ngoan_ngoãn
O,?,?
O,N,mẹ
O,V,thương
O,N,con
O,?,?
O,",",","
O,N,JOlie
O,Np,Linh
O,V,added
O,M,2
O,N,new
O,N,photos
O,0,0
O,Np,Photos
O,V,from
O,N,JOlie
O,Np,Linh
O,N,'
O,N,s
O,N,post
O,N,]
O,N,[
B-NAME,Np,Heo
O,N,ơi
B-NAME,N,heo
O,N,mau
O,V,ăn
O,N,chóng
O,A,lớn
O,N,nhé
O,!,!
O,",",","
O,Np,Pham
O,Np,Miki
O,Np,Tran
O,V,added
O,M,10
O,N,new
O,N,photos
O,-,-
O,N,with
O,N,bé
O,Np,Thương
O,N,and
O,M,2
O,N,others
O,N,at
O,Np,Ốc
O,Np,Nốc
O,M,36
O,-,-
O,M,38
O,Np,Nguyễn
O,Np,Biểu
O,Np,P1
O,-,-
O,Np,Q5
O,0,0
O,Np,Photos
O,V,from
O,Np,Pham
O,Np,Miki
O,Np,Tran
O,N,'
O,N,s
O,N,post
O,N,]
O,N,[
O,Np,Hầu
O,V,xửa
O,N,hầu
O,N,xửa
O,",",","
O,N,em
O,R,vừa
O,A,tròn
B-AGE,M,1
I-AGE,N,tuổi
O,C,mà
O,N,em
O,R,đã
O,V,biết
O,N,điệu
O,",",","
O,Np,Phương
O,Np,Phạm
O,V,shared
O,Nc,anh
O,N,memory
O,-,-
O,N,with
O,Np,Truong
O,Np,Phong
O,0,0
O,Np,Phương
O,\n,\n
O,N,Con_gái
O,A,thuỳ_mị
O,R,không
O,N,ba
O,N,]
O,N,[
O,M,19
O,M,5/2017
B-NAME,N,Cún
I-NAME,N,con
O,E,của
O,N,dì
O,N,tròn
B-AGE,M,1
I-AGE,N,tuổi
O,Np,Chúc
O,N,con
O,N,ngoan
O,N,mau
O,V,ăn
O,N,chóng
O,A,lớn
O,CC,và
O,N,dễ_thương
O,",",","
O,Np,Gas
O,Np,Dong
O,Np,Phu
O,V,with
O,Np,Xinh_Xắn
O,Np,Xuân
O,0,0
O,N,]
O,N,[
O,N,Gái
O,M,1
O,N,con
O,E,trong
O,N,lòi
O,N,con
O,N,mắt
O,?,?
O,",",","
O,N,CanDy
O,Np,Quynh
O,V,added
O,M,2
O,N,new
O,N,photos
O,-,-
O,N,feeling
O,N,lame
O,0,0
O,Np,Photos
O,V,from
O,N,CanDy
O,Np,Quynh
O,N,'
O,N,s
O,N,post
O,N,]
O,N,[
B-AGE,N,Đầy_tháng
O,V,cho
O,N,em
B-NAME,Np,Bull
O,V,mang
O,N,giày
O,N,giống
O,N,con
O,N,anh_Tuấn
O,Np,Hưng
O,?,?
O,",",","
O,Np,Thủy_Tiên
O,V,with
O,Np,Ty
O,Np,Pns
O,0,0
O,N,Mobile
O,Np,Uploads
O,N,]
O,N,[
O,P,Hắn
O,A,tròn
B-AGE,M,1
I-AGE,N,tuổi
O,N,rồi
O,N,đó
O,\n,\n
O,N,Nhanh
O,A,thật
O,",",","
O,Np,Lâm
O,Np,Thị
O,Np,Kim
O,Np,Chi
O,N,added
O,M,7
O,N,new
O,N,photos
O,0,0
O,Np,Photos
O,V,from
O,Np,Lâm
O,Np,Thị
O,Np,Kim
O,Np,Chi
O,N,'
O,N,s
O,N,post
O,N,]
O,N,[
O,",",","
O,Np,Loan
O,Np,Du
O,V,shared
O,N,anh
O,V,link
O,0,0
O,V,Nuôi
O,N,con
O,M,6
O,N,tháng
O,R,chỉ
O,A,nặng
O,M,"6,8"
O,N,kg
O,V,đến
B-AGE,N,thôi_nôi
O,V,được
O,M,"11,8"
O,N,kg
O,V,nhờ
O,N,thực_đơn
O,L,mỗi
O,N,ngày
O,M,1
O,N,mọi
O,N,người
O,V,myeva
O,0,0
O,N,vn
O,\n,\n
O,N,Em
O,V,mang
O,N,bầu
O,V,bị
O,V,động_thai
O,N,hồi
O,M,2
O,N,tháng
O,0,0
O,E,Từ
O,P,đó
O,V,về
O,N,sau
O,R,cũng
O,V,bị
O,V,thêm
O,L,mấy
O,N,lần
O,0,0
O,Np,Lầ
O,R,nào
O,R,cũng
O,V,sợ
O,R,ra
O,N,thai
O,R,luôn
O,N,chứ
O,V,giữ
O,R,không
O,V,đến
O,V,hết
O,M,9
O,N,tháng
O,M,10
O,N,ngày
O,0,0
O,N,Nhưng
O,A,sau
O,C,rồi
O,N,trời
O,V,thương
O,",",","
O,N,em
O,V,nuôi
O,N,con
O,V,đến
O,A,khoảng
O,M,8
O,N,tháng
O,M,5
O,N,ngày
O,C,thì
O,V,sinh
O,0,0
O,N,Kể_ra
O,R,cũng
O,A,đúng
O,V,là
O,N,may
O,C,nhưng
O,N,con_em
O,R,vẫn
O,V,là
O,Nc,đứa
O,N,sinh
O,A,non
O,0,0
O,N,]
O,N,[
O,P,nay
O,N,sinh_nhật
O,N,em
O,V,rùi
O,N,ha
B-NAME,N,cóc
I-NAME,Np,Lin
O,N,ơi
O,0,0
O,R,không
O,V,có
O,N,hình
O,A,mới
O,",",","
O,V,thôi
O,V,lấy
O,N,hình
O,N,trc
O,V,đi
O,N,sinh_nhật
O,N,anh
O,V,đi
O,N,ha
O,N,hhii
O,0,0
O,N,chúc
O,N,em
O,V,sinh_nhật
O,N,thiệt
O,A,vui_vẻ
O,",",","
O,N,cv
O,A,thuận_lợi
O,",",","
O,N,gia_đình
O,N,hp
O,",",","
O,M,2
O,N,bé
O,N,mau
O,V,ăn
O,N,chóng
O,A,lớn
O,N,ngoan
O,N,ngoan
O,N,hén
O,!,!
O,",",","
O,Np,Triệu
O,Np,Đình
O,Np,Phúc
O,V,with
O,N,XuanTra
O,Np,Tra
O,N,and
O,M,3
O,N,others
O,0,0
O,N,]
O,N,[
O,N,Sinh_nhật
O,N,con
B-NAME,N,Rắn
I-NAME,Np,Anh
O,A,tròn
B-AGE,M,4
I-AGE,N,tuổi
O,0,0
O,",",","
O,Np,Sori
O,Np,Sori
O,V,added
O,M,6
O,N,photos
O,N,and
O,N,anh
O,V,video
O,0,0
O,Np,Photos
O,V,from
O,Np,Sori
O,Np,Sori
O,N,'
O,N,s
O,N,post
O,N,]
O,N,[
O,",",","
O,Np,Vân
O,Np,Trần
O,V,shared
O,Np,Mai
O,Np,Lisa
O,N,'
O,N,s
O,N,live
O,N,video
O,0,0
O,Np,Mai
O,V,Trực_tiếp
O,N,lễ
B-AGE,V,đầy_tháng
O,E,của
O,N,con_trai
O,N,yêu
O,N,bé
B-NAME,Np,Ruby
O,N,'
O,N,s
O,N,]
O,N,[
O,V,đi
B-AGE,N,thôi_nôi
O,N,bé
B-NAME,V,khả
I-NAME,N,di_chúc
O,N,bé
O,N,hay
O,V,ăn
O,N,chóng
O,A,lớn
O,N,khoẻ_mạnh
O,",",","
O,Np,Nguyễn
O,Np,Ngọc
O,Np,Thu
O,N,added
O,M,8
O,N,new
O,N,photos
O,-,-
O,N,with
O,Np,Trần
O,Np,Linh
O,N,and
O,M,5
O,N,others
O,N,at
O,Np,Windsor
O,Np,Plaza
O,Np,Hotel
O,0,0
O,Np,Photos
O,V,from
O,Np,Nguyễn
O,Np,Ngọc
O,Np,Thu
O,N,'
O,N,s
O,N,post
O,N,]
O,N,[
B-AGE,N,Thôi_nôi
O,N,con_gái
O,N,+
O,N,đám_cưới
O,N,anh_trai
O,N,hehe
O,",",","
O,Np,Milk
O,Np,Candy
O,V,added
O,M,3
O,N,new
O,N,photos
O,-,-
O,N,with
O,Np,Emiko
O,Np,Nguyễn
O,N,and
O,M,2
O,N,others
O,0,0
O,Np,Photos
O,V,from
O,Np,Milk
O,Np,Candy
O,N,'
O,N,s
O,N,post
O,N,]
O,N,[
O,E,Trên
O,N,thế_giới
O,P,này
O,V,có
O,R,rất
O,A,nhiều
O,N,ngôn_từ
O,V,hoa_mỹ
O,E,để
O,V,nói
O,V,về
O,N,tình_yêu
O,\n,\n
O,C,Nhưng
O,N,thật_sự
O,N,Mẹ
O,R,không
O,V,biết
O,V,dùng
O,N,câu
O,N,chữ
O,P,nào
O,E,để
O,V,diễn_đạt
O,V,được
O,N,hết
O,N,tình_yêu
O,E,của
O,N,Mẹ
O,V,dành
O,R,cho
O,N,con
O,0,0
O,?,?
O,N,Nên
O,M,mỗi
O,N,ngày
O,N,Mẹ
O,R,chỉ
O,V,biết
O,V,cố_gắng
O,",",","
O,V,cố_gắng
O,E,với
O,N,hy_vọng
O,N,sau_này
O,V,cho
O,N,con
O,V,có
O,R,được
O,N,cuộc_sống
O,A,tốt
O,A,hơn
O,0,0
O,N,Hôm_nay
O,N,con_trai
O,E,của
O,N,Mẹ
O,R,vừa
O,A,tròn
B-AGE,M,5
I-AGE,N,tuổi
O,0,0
O,Nc,cái
O,N,tuổi
O,R,vừa
O,V,ngây_ngô
O,R,vừa
O,V,biết
O,V,nhõng_nhẽo
O,E,với
O,N,Mẹ
O,E,để
O,V,đòi
O,N,quà
O,0,0
O,?,?
O,N,Mẹ
O,V,chúc
O,N,con_trai
O,N,thêm
O,N,tuổi
O,R,mới
O,V,mạnh_khoẻ
O,N,và
O,V,chăm
O,V,ăn
O,N,chóng
O,A,lớn
O,0,0
O,V,Biết
O,V,nghe
O,N,lời
O,Np,Ba
O,N,Mẹ
O,CC,và
O,V,lớn
O,R,lên
O,V,là
O,N,con
O,N,ngoan
O,N,trò
O,V,giỏi
O,N,con
O,N,nhé
O,0,0
O,Np,Chúc
O,N,con_trai
O,N,sinh_nhật
O,A,vui_vẻ
O,0,0
O,N,Mẹ
O,V,yêu
O,N,con
O,0,0
O,!,!
O,",",","
O,Np,Phương
O,Np,Vu
O,Np,Phương
O,Np,Vu
O,V,added
O,M,3
O,N,new
O,N,photos
O,-,-
O,N,feeling
O,N,happy
O,N,with
O,Np,Nhat
O,Np,Tuan
O,N,Bao
O,N,and
O,Np,Phuong
O,Np,Vu
O,0,0
O,Np,Photos
O,V,from
O,Np,Phương
O,Np,Vu
O,Np,Phương
O,Np,Vu
O,N,'
O,N,s
O,N,post
O,N,]
O,N,[
O,Np,Mừng
B-AGE,N,tròn
I-AGE,N,tháng
O,N,cháu
O,V,yêu
B-NAME,Np,Minh
I-NAME,Np,Khôi
O,V,chúc
O,N,con
O,N,mau
O,V,ăn
O,N,chóng
O,A,lớn
O,V,P/s
O,:,:
O,V,có
O,N,em_trai
O,N,bả
O,V,mừng
O,N,bả
O,N,quậy
O,N,banh
O,N,sân_khấu
O,R,luôn
O,N,nè
O,0,0
O,N,bà
O,Np,Bánh_Tét
O,V,hết
O,V,nói
O,",",","
O,Np,An
O,Np,Nguyễn
O,V,added
O,N,anh
O,V,photo
O,N,and
O,Nc,anh
O,N,video
O,-,-
O,N,feeling
O,N,wonderful
O,N,with
O,Np,Yen
O,Np,Huynh
O,0,0
O,Np,Photos
O,V,from
O,Np,An
O,Np,Nguyễn
O,N,'
O,N,s
O,N,post
O,N,]
O,N,[
O,N,Hôm_nay
O,N,sinh_nhật
O,N,bé
O,V,yêu
O,R,vừa
O,A,tròn
B-AGE,M,4
I-AGE,N,tuổi
O,0,0
O,V,làm
O,Nc,cái
O,N,album
O,V,tặng
O,N,bé
O,V,yêu
O,!,!
O,M,Hai
O,N,chúc
O,N,gái
O,V,yêu
O,N,mau
O,V,ăn
O,N,chóng
O,A,lớn
O,",",","
O,N,thông_minh
O,A,xinh_đẹp
O,CC,và
O,R,luôn
O,V,khoẻ_mạnh
O,N,nhé
O,N,con
O,!,!
O,",",","
O,Np,Kim
O,Np,Hanh
O,V,added
O,M,35
O,N,new
O,N,photos
O,-,-
O,N,with
O,Np,Hien
O,Np,Dang
O,N,and
O,M,3
O,N,others
O,0,0
O,Np,Photos
O,V,from
O,Np,Kim
O,Np,Hanh
O,N,'
O,N,s
O,N,post
O,N,]
O,N,[
O,Np,Chúc
O,N,anh
B-NAME,Np,Harry
O,N,mau
O,V,ăn
O,N,chóng
O,A,lớn
O,N,nha
O,",",","
O,Np,Ngan
O,Np,Nguyen
O,V,added
O,M,7
O,N,new
O,N,photos
O,-,-
O,N,feeling
O,N,relaxed
O,N,at
O,Np,Sunview
O,Np,Town
O,0,0
O,Np,Photos
O,V,from
O,Np,Ngan
O,Np,Nguyen
O,N,'
O,N,s
O,N,post
O,N,]
O,N,[
O,Np,Love
O,N,u
O,N,baby
B-NAME,N,KuBin
O,N,sắp
O,N,tròn
B-AGE,M,1
I-AGE,N,tuổi
O,R,rồi
O,",",","
O,V,tổ_chức
O,V,ở
O,V,đau
O,N,hay
O,CC,và
O,N,đẹp
O,N,bây
O,V,h
O,P,cả
O,N,nhà
O,?,?
O,",",","
O,Np,Le
O,Np,Trang
O,N,added
O,M,3
O,N,new
O,N,photos
O,0,0
O,Np,Photos
O,V,from
O,Np,Le
O,Np,Trang
O,N,'
O,N,s
O,N,post
O,N,]
O,N,[
O,Np,Xì
O,N,tai
O,A,mới
O,0,0
O,Np,Ba
O,V,lỗ
O,V,đóng_thùng
O,N,quần
O,N,xì
O,N,kakaaa
O,0,0
O,V,P/s
O,:,:
B-NAME,N,Win
O,N,tròn
B-AGE,Np,7m
O,0,0
O,Np,Mau
O,V,ăn
O,N,chóng
O,A,lớn
O,N,nha
O,N,con_trai
O,0,0
O,?,?
O,",",","
O,Nc,Cô
O,Np,Út
O,V,feeling
O,V,lovely
O,N,with
O,Np,Cường
O,Np,Tuấn
O,N,and
O,M,2
O,N,others
O,V,at
O,N,Nhà
O,N,chú
O,Np,Cường
O,0,0
O,N,]
O,N,[
O,",",","
O,Np,Tường
O,Np,Vy
O,V,added
O,M,3
O,N,new
O,N,photos
O,A,to
O,N,the
O,V,album
O,:,:
B-NAME,Np,TOM
O,N,&
B-NAME,Np,JERRY
O,N,tròn
B-AGE,M,1
I-AGE,N,tuổi
O,0,0
O,Np,Photos
O,V,from
O,Np,Tường
O,Np,Vy
O,N,'
O,N,s
O,N,post
O,N,]
O,N,[
O,V,Chúc_mừng
O,N,sinh_nhật
O,N,con
O,V,yêu
B-AGE,M,14
I-AGE,N,thang
I-AGE,M,5
O,N,thật
O,A,nhiều
O,N,yêu_thương
O,\n,\n
O,N,Chúc
O,N,con
O,V,vui
O,N,khoẻ
O,R,thật
O,A,nhiều
O,Np,Chăm
O,A,ngoan
O,",",","
O,V,học
O,A,giỏi
O,V,là
O,N,điều
O,N,mẹ
O,V,mong
O,\n,\n
O,N,Bước_đường
O,N,tương_lai
O,A,sáng
O,N,trong
O,\n,\n
O,N,Chúc
O,N,con
O,N,tội
O,V,nguyện
O,N,vui_lòng
O,N,mẹ
O,N,cha
O,\n,\n
O,N,Con
O,V,là
O,N,tất_cả
O,E,của
O,N,mẹ
O,N,mà
O,\n,\n
O,N,Chúc
O,N,con
O,N,tuổi
O,R,mới
O,R,thật
O,A,nhiều
O,N,""""""
B-NAME,Np,Sắc
I-NAME,N,hương
O,N,""""""
O,Np,Mừng
O,N,con
O,A,tròn
B-AGE,M,2
I-AGE,N,tuổi
O,?,?
O,",",","
O,Np,Andrea
O,Np,Nguyen
O,V,added
O,M,4
O,N,new
O,N,photos
O,-,-
O,N,feeling
O,N,happy
O,N,with
O,Np,Bích
O,Np,Thanh
O,N,and
O,Np,Hien
O,Np,Luong
O,Np,Van
O,0,0
O,Np,Photos
O,V,from
O,Np,Andrea
O,Np,Nguyen
O,N,'
O,N,s
O,N,post
O,N,]
O,N,[
O,Np,Mừng
O,N,sinh_nhật
O,N,bé
B-NAME,N,bánh_tráng
O,N,tròn
B-AGE,M,1
I-AGE,N,tuổi
O,?,?
O,M,13
O,0,0
O,M,5
O,0,0
O,M,2016
O,-,-
O,M,13
O,0,0
O,M,5
O,0,0
O,M,2017
O,",",","
O,N,]
O,N,[
O,Np,Mừng
O,V,sinh_nhật
O,N,con_trai
B-NAME,N,Thế
I-NAME,Np,Minh
O,V,(
B-NAME,Np,Ruby
O,N,)
O,A,tròn
B-AGE,M,3
I-AGE,N,tuổi
O,?,?
O,0,0
O,M,Hai
O,N,cô
O,V,chúc
O,N,con
O,V,thêm
O,N,tuổi
O,R,mới
O,A,nhiều
O,N,niềm
O,A,vui
O,",",","
O,A,nhiều
O,N,sức_khoẻ
O,CC,và
O,A,đặc_biệt
O,R,luôn
O,V,là
O,N,con
O,N,ngoan
O,N,trò
O,A,giỏi
O,E,để
O,N,mẹ
O,Np,Ngọc
O,V,Diệp
O,Np,Nguyễn
O,CC,và
O,L,mọi
O,N,người
O,V,được
O,V,vui_lòng
O,N,nhé
O,0,0
O,?,?
O,",",","
O,Np,Thu
O,Np,Thủy
O,N,added
O,M,6
O,N,new
O,N,photos
O,-,-
O,N,celebrating
O,N,anh
O,V,birthday
O,N,with
O,Np,Ngọc
O,Np,Diệp
O,Np,Nguyễn
O,N,and
O,Np,Duyen
O,Np,Ngo
O,0,0
O,Np,Photos
O,N,from
O,Np,Thu
O,Np,Thủy
O,N,'
O,N,s
O,N,post
O,N,]
O,N,[
O,Np,Chúc
O,V,nừng
O,N,sinh_nhật
B-NAME,Np,Quỳnh
I-NAME,Np,Anh
O,V,""""""
B-NAME,N,tina
O,N,""""""
B-AGE,M,3
I-AGE,N,tuổi
O,N,chúc
O,N,con
O,N,mau
O,V,ăn
O,N,chóng
O,A,lớn
O,",",","
O,N,xinh_đẹp
O,",",","
O,V,vâng
O,N,lời
O,N,ba
O,N,mẹ
O,0,0
O,",",","
O,Np,Yen
O,Np,Hai
O,Np,Nguyen
O,Np,Huynh
O,V,was
O,N,live
O,0,0
O,N,]
O,N,[
O,N,Sinh_nhật
O,N,em
O,N,tui
O,C,mà
O,N,người_yêu
O,P,tui
O,A,nhiều
O,N,hình
O,R,hơn
O,V,là
O,P,nó
O,V,))
O,\n,\n
O,N,Chúc_mừng
O,N,em_trai
O,N,bé_bỏng
O,A,già
O,V,đi
O,M,1
O,N,tuổi
O,",",","
O,N,mau
O,V,ăn
O,N,chóng
O,A,lớn
O,CC,và
O,V,học
O,N,ngoan
O,?,?
O,V,Còn
O,N,team
O,Np,F4
O,C,thì
O,N,tự
O,V,lựa
O,N,tấm
O,P,nào
O,V,ok
O,A,nhất
O,N,nhé
O,",",","
O,Nc,chị
O,N,bây
O,R,không
O,V,biết
O,R,không
O,N,khi
O,V,bây
O,N,chụp
O,N,méo
O,A,nghiêm_túc
O,N,gì
O,A,cả
O,N,))
O,",",","
O,Np,Ngân
O,Np,Kim
O,V,added
O,M,26
O,N,photos
O,N,and
O,M,4
O,N,videos
O,A,to
O,N,the
O,V,album
O,:,:
O,N,Gia_đình
O,N,nhỏ
O,-,-
O,N,with
O,Np,Hồ
O,Np,Duy_Tân
O,N,and
O,M,2
O,N,others
O,N,at
O,Np,Nhà_Hàng
O,N,Hầm
O,Np,Rượu
O,Np,Kim
O,Np,Dung
O,0,0
O,Np,Photos
O,V,from
O,Np,Ngân
O,Np,Kim
O,N,'
O,N,s
O,N,post
O,N,]
O,N,[
O,N,Chúc_mừng
O,N,sinh_nhật
O,N,con_gái
O,V,yêu
B-AGE,M,2
I-AGE,N,tuổi
O,Np,Chúc
O,N,con
O,R,luôn
O,V,khoẻ_mạnh
O,N,mau
O,V,ăn
O,N,chóng
O,A,lớn
O,V,Mong
O,N,mọi
O,N,điều
O,A,tốt_đẹp
O,A,nhất
O,R,sẽ
O,V,đến
O,E,với
O,N,con_CẢ
O,N,NHÀ
O,M,YÊU
O,Np,CON
O,?,?
O,",",","
O,Np,Mina
O,Np,Hoang
O,V,added
O,M,5
O,N,new
O,N,photos
O,0,0
O,Np,Photos
O,V,from
O,Np,Mina
O,Np,Hoang
O,N,'
O,V,s
O,N,post
O,N,]
O,N,[
O,Np,Chúc
O,N,bạn
B-NAME,N,win
O,A,tròn
B-AGE,M,1
I-AGE,N,tuổi
O,X,càng_ngày_càng
O,N,bựa
O,N,dễ_thương
O,N,khoẻ_mạnh
O,N,ngoan_ngoãn
O,N,nha
O,V,Nhớ
O,N,ngày
O,P,nào
O,N,chị
O,N,mẹ
O,N,lựu_đạn
O,E,của
O,N,ẻm
O,A,lê_lết
O,N,bụng
O,V,vượt
O,N,mặt
O,N,ngày_ngày
O,V,lang_thang
O,V,tá_túc
O,V,sang
O,N,nhà
O,V,mị
O,C,rồi
O,V,đến
O,N,ngày
O,V,ẻm
O,N,oe_oe
O,V,ra_đời
O,C,rồi
O,E,đến
O,N,giờ
O,N,bạn
B-NAME,N,win
O,A,tròn
B-AGE,M,12
I-AGE,N,tháng
O,N,ôi
O,N,thời_gian
O,V,qua
O,N,lẹ
O,V,nhìn
O,R,lại
O,R,cứ
O,V,thấy
O,A,như
O,N,mới
O,N,hôm_qua
O,N,vậy
O,V,thấy
O,V,thương
O,N,bạn
O,P,ấy
O,R,gì
O,R,đâu
O,N,nhân
O,N,hôm_nay
O,A,tròn
O,N,ngày
B-AGE,A,đủ
I-AGE,N,tháng
O,A,đúng
O,N,tuổi
O,N,bạn
O,N,ấy
B-NAME,N,mị
O,CC,và
O,N,hội
O,N,chị_em
O,N,quẩy
O,N,hết_mình
O,N,ngày
O,A,cực
O,N,happy
O,A,cực
O,N,ý_nghĩa
O,N,tèn
O,V,tén
O,N,tình_cảm
O,A,bền_vững
O,N,bựa
O,A,bền_vững
O,N,nhoi
O,A,bền_vững
O,N,tưng_tửng
O,N,bền
O,N,vửng
O,N,nha
O,N,nha
O,N,mấy
O,V,chế
O,N,mấy
O,N,bé
O,",",","
O,Np,Nguyễn
O,Np,Ngọc
O,Np,Hoài
O,Np,Linh
O,V,feeling
O,N,warm
O,0,0
O,N,]
O,N,[
O,Np,Chúc
O,N,con_gái
O,N,mau
O,V,ăn
O,N,chóng
O,A,lớn
O,CC,và
O,A,ngoan_ngoãn
O,!,!
O,",",","
O,Np,Trang
O,Np,Hà
O,Np,HT
O,V,added
O,M,2
O,N,new
O,N,photos
O,-,-
O,N,with
O,Np,Sơn
O,Np,Tạ
O,N,and
O,Np,Nhu
O,Np,Nguyen
O,0,0
O,Np,Photos
O,V,from
O,Np,Trang
O,Np,Hà
O,Np,HT
O,N,'
O,N,s
O,N,post
O,N,]
O,N,[
O,M,Một
O,N,ngày
O,A,thật
O,A,vui
O,CC,và
O,N,hạnh_phúc
O,?,?
B-AGE,V,Đầy_tháng
B-NAME,N,trí
I-NAME,V,đạt
O,N,(
O,M,14/4/2017
O,N,)
O,",",","
O,Np,Ngọc_Bích
O,N,added
O,M,2
O,N,new
O,N,photos
O,-,-
O,N,feeling
O,N,happy
O,0,0
O,Np,Photos
O,V,from
O,Np,Ngọc_Bích
O,N,'
O,N,s
O,N,post
O,N,]
O,N,[
O,N,Mẹ
O,N,bỉm
O,N,sữa
O,V,chia
O,R,sẽ
O,V,Đi_ngoài
O,N,đường
O,V,thấy
O,N,ai
O,A,mong_manh
O,",",","
O,V,mặc
O,N,đồ
O,N,sexy
O,V,là
O,N,mình
O,V,nhìn
O,R,không
O,A,chớp_mắt
O,0,0
O,?,?
O,N,mình
O,R,cũng
O,V,là
O,N,phụ_nữ
O,C,mà
O,N,sao
O,N,tướng
O,C,thì
O,A,to
O,C,như
O,?,?
O,N,bắp_tay
O,C,như
O,N,lực_sĩ
O,?,?
O,N,khi
O,V,có
O,N,bầu
O,M,6
O,N,tháng
O,N,người
O,A,khác
O,P,ai
O,V,gặp
O,R,cũng
O,V,hỏi
O,L,mấy
O,N,ngày
O,R,nữa
O,V,sinh
O,0,0
O,?,?
O,V,Buồn
O,A,ghê
O,R,lắm
O,",",","
O,N,khi
O,N,con_gái
O,P,mình
O,R,đã
O,V,tập
O,V,gym
O,",",","
O,N,quấn
O,A,nóng
O,",",","
O,V,dùng
O,N,thuốc
O,N,giảm
O,N,cân
O,N,thái
O,E,cho
O,N,người
O,V,nhờn
O,N,thuốc
O,",",","
O,N,trà
O,N,lá_sen
O,E,của
O,N,quân_đội
O,",",","
O,N,thuốc
O,N,giảm
O,N,cân
O,E,của
O,N,mấy
O,N,bạn
O,N,hotgirl
O,V,bán
O,N,đều
O,V,vô_hiệu_hóa
O,E,với
O,N,thân_hình
O,A,màu_mỡ
O,P,này
O,0,0
O,V,Sinh
O,V,xong
O,M,1
O,N,tháng
O,N,người_nhà
O,P,ai
O,V,thấy
O,Nc,cái
O,N,bụng
O,",",","
O,N,thân_hình
O,E,của
O,N,mình
O,R,cũng
O,V,cười
O,",",","
O,N,mình
O,C,thì
O,V,buồn
O,A,não_lòng
O,0,0
O,?,?
O,V,Suy_nghĩ
O,V,phụ
O,N,nữ_sinh
O,V,xong
O,N,fai
O,N,sao
O,E,cho
O,A,đúng
O,V,là
O,N,gái
O,M,1
O,N,con
O,V,nhìn
O,N,mọi
O,N,người
O,N,con
O,N,mắt
O,0,0
O,V,Quyết_định
O,M,1
O,N,lần
O,N,giảm
O,N,cân
O,P,này
O,R,nữa
O,R,không
O,V,thành_công
O,P,mình
O,R,sẽ
O,V,mặc_kệ
O,N,đời
O,0,0
O,?,?
O,N,Vậy_mà
O,M,1
O,N,liệu_trình
O,N,trà
O,T,thôi
O,",",","
O,R,không
O,V,ngờ
O,N,mình
O,A,hoàn_toàn
O,V,lột_xác
O,?,?
O,0,0
O,Np,Ốm
O,",",","
O,N,gọn
O,",",","
O,A,đẹp
O,",",","
O,N,trẻ
O,V,ra
O,A,nhiều
O,0,0
O,?,?
O,V,Mặc
O,N,đồ
O,R,cũng
O,V,tự_tin
O,",",","
O,V,gặp
O,N,bạn_bè
O,P,ai
O,R,cũng
O,V,khen
O,",",","
O,N,mình
O,R,cũng
O,R,không
O,V,ngờ
O,N,mình
O,V,ốm
O,R,được
O,",",","
O,V,là
O,N,gái
O,M,1
O,N,con
O,V,nhìn
O,N,lòi
O,Nc,con
O,N,mắt
O,R,luôn
O,?,?
O,0,0
O,P,Ai
O,V,muốn
O,V,ốm
O,N,em
O,R,chỉ
O,N,bí_quyết
O,",",","
O,R,hãy
O,V,thử
O,R,mới
O,V,biết
O,R,được
O,C,hay
O,R,không
O,N,nha
O,0,0
O,N,Em_trai
O,V,hết
O,V,cười
O,N,chị
O,R,rồi
O,N,nha
O,V,cưng
O,",",","
O,N,]
O,N,[
O,R,Mới
O,V,sửa
O,N,mũi
O,",",","
O,?,?
O,N,ý
O,V,nói
O,N,mũi
O,A,đẹp
O,N,á
O,\n,\n
O,A,Đúng
O,N,gái
O,M,1
O,N,con
O,V,trông
O,N,mọi
O,N,người
O,N,con
O,N,mắt
O,V,lun
O,N,tar
O,?,?
O,",",","
O,Np,Helen
O,Np,Huỳnh
O,V,added
O,M,4
O,N,new
O,N,photos
O,-,-
O,N,feeling
O,N,rãnh
O,N,rỗi
O,0,0
O,Np,Photos
O,V,from
O,Np,Helen
O,Np,Huỳnh
O,N,'
O,N,s
O,N,post
O,N,]
O,N,[
B-AGE,V,Thôi_nôi
B-NAME,N,cục
I-NAME,N,vàng
O,",",","
O,Np,Tâm
O,Np,Hạnh
O,A,added
O,M,29
O,N,new
O,N,photos
O,-,-
O,N,with
O,Np,Vi
O,Np,Nguyễn
O,N,and
O,M,2
O,N,others
O,0,0
O,Np,Photos
O,V,from
O,Np,Tâm
O,Np,Hạnh
O,N,'
O,N,s
O,N,post
O,N,]
O,N,[
O,Np,Mừng
B-AGE,V,nôi
I-AGE,N,thôi
O,N,bé
B-NAME,Np,Hoàng
I-NAME,Np,Long
O,0,0
O,Np,Chúc
O,N,con
O,N,mau
O,V,ăn
O,N,chóng
O,A,lớn
O,CC,và
O,N,lun
O,N,lun
O,A,hạnh_phúc
O,N,nhé
O,0,0
O,",",","
O,Np,Tiên
O,Np,Phạm
O,N,added
O,M,4
O,N,new
O,N,photos
O,-,-
O,N,with
O,Np,Duongquocquan
O,Np,Duong
O,N,and
O,M,2
O,N,others
O,0,0
O,Np,Photos
O,N,from
O,Np,Tiên
O,Np,Phạm
O,N,'
O,N,s
O,N,post
O,N,]
O,N,[
O,A,Mới_đó
O,C,mà
O,N,con
O,N,tròn
B-AGE,M,1
I-AGE,N,tuổi
O,R,rồi
O,0,0
O,Np,Happy
O,V,birthday
O,N,con
O,N,nha
O,!,!
O,",",","
O,Np,Hoàng
O,C,Như
O,N,shared
O,N,anh
O,V,memory
O,-,-
O,N,with
O,Np,Pham
O,Np,Huynh
O,Np,Mai
O,Np,Pham
O,N,and
O,Np,Hai
O,Np,Ho
O,0,0
O,Np,Hoàng
O,\n,\n
O,V,Yêu
O,V,quá
O,",",","
O,N,cưng
O,R,quá
O,",",","
O,V,thương
O,R,quá
O,N,cháu
O,P,tôi
O,!,!
O,V,Chúc_mừng
O,N,gia_đình
O,Np,Ba
O,Np,Tâm
O,N,Má
O,Np,Chín
O,A,đón_chào
O,N,thành_viên
O,A,mới
O,0,0
O,N,]
O,N,[
O,",",","
O,Np,Loi
O,Np,Hang
O,V,shared
O,N,anh
O,V,link
O,0,0
O,N,Sự_thật
O,R,quá
O,N,sốc
O,V,về
O,N,thuốc
O,V,tránh
O,N,thai
O,",",","
O,L,các
O,N,mẹ
O,R,đang
O,V,dùng
O,R,chưa
O,R,chắc
O,V,biết
O,V,hết
O,!,!
O,N,webtretho
O,0,0
O,N,com
O,\n,\n
O,N,Lúc
O,P,mình
O,V,mang
O,N,thai
O,N,đứa
O,N,thứ_hai
O,V,là
O,N,khi
O,N,chỉ
O,R,vừa
B-AGE,A,thôi_nôi
O,N,đứa
O,N,đầu
O,N,xong_xuôi
O,0,0
O,N,Hồi
O,P,đó
O,N,vợ_chồng
O,R,cũng
O,V,còn
O,A,trẻ
O,",",","
O,R,mới
O,V,cưới
O,",",","
O,R,không
O,V,có
O,A,nhiều
O,V,tiền
O,N,để_dành
O,0,0
O,V,Có
O,V,thêm
O,M,một
O,Nc,đứa
O,N,]
O,N,[
B-AGE,N,Thôi_nôi
O,N,bé
B-NAME,V,quỳnh
I-NAME,C,như
O,",",","
O,Np,Carot
O,Np,Tiểu_Thư
O,V,added
O,M,10
O,N,new
O,N,photos
O,-,-
O,N,with
O,Np,Tomy
O,Np,Thang
O,N,and
O,M,2
O,N,others
O,0,0
O,Np,Photos
O,V,from
O,Np,Carot
O,Np,Tiểu_Thư
O,N,'
O,N,s
O,N,post
O,N,]
O,N,[
O,Np,Mừng
O,N,bé
B-NAME,Np,Bảo_An
O,N,tròn
B-AGE,M,1
I-AGE,N,tuổi
O,!,!
O,",",","
O,Np,Cẩm
O,Np,Nguyễn
O,V,added
O,M,3
O,N,new
O,N,photos
O,0,0
O,Np,Photos
O,V,from
O,Np,Cẩm
O,Np,Nguyễn
O,N,'
O,N,s
O,N,post
O,N,]
O,N,[
O,",",","
O,Np,Hang
O,Np,Vobich
O,V,shared
O,N,anh
O,N,link
O,0,0
O,N,Chồng
O,V,ăn
O,N,loại
O,N,trái_cây
O,A,ngon
O,N,–
O,N,rẻ_tiền
O,P,này
O,N,mỗi
O,N,ngày
O,",",","
O,N,99%
O,N,vợ
O,R,sẽ
O,V,sinh
O,N,con_trai
O,!,!
O,N,tapchitre
O,0,0
O,N,vn
O,\n,\n
O,N,Tập
O,M,1
O,E,của
O,N,em
O,V,là
O,N,con_gái
O,N,năm
O,P,nay
B-AGE,M,4
I-AGE,N,tuổi
O,",",","
O,N,tập
O,M,2
O,V,là
O,N,con_trai
O,N,vừa_mới
B-AGE,N,thôi_nôi
O,R,xong
O,0,0
O,N,]
O,N,[
O,",",","
O,Np,Lê
O,Np,Nhân
O,N,added
O,N,anh
O,V,life
O,V,event
O,N,from
O,N,May
O,M,16
O,:,:
B-NAME,N,Bon
O,A,tròn
B-AGE,M,2
I-AGE,N,tuổi
O,0,0
B-NAME,Np,Bon
O,A,tròn
B-AGE,M,2
I-AGE,N,tuổi
O,\n,\n
B-NAME,N,Bon
O,A,tròn
B-AGE,M,2
I-AGE,N,tuổi
O,\n,\n
O,M,2
O,N,năm
O,N,thiên_thần
O,A,nhỏ
O,E,của
O,N,mẹ
O,V,ra_đời
O,N,]
O,N,[
O,",",","
O,Np,Vy
O,Np,Thanh
O,V,shared
O,Nc,anh
O,N,memory
O,-,-
O,N,with
O,Np,Nhoc
O,Np,Buon
O,0,0
O,Np,Vy
O,\n,\n
O,M,20/05/2015
O,-,-
O,M,20/05/2016
O,\n,\n
O,N,Ngày
O,P,này
O,E,vào
O,N,năm
O,V,trc
O,N,hạnh_phúc
O,V,vỡ
O,N,oà
O,N,khi
O,N,lần
O,A,đầu_tiên
O,N,mẹ
O,N,đc
O,V,ôm
O,N,con
O,V,vào
O,N,log
O,",",","
O,V,phải
O,V,nói
O,C,là
O,N,thời_gian
O,V,trôi
O,N,qa
O,N,nhah
O,A,thật
O,0,0
O,Np,Ba
O,N,mẹ
O,A,hạnh_phúc
O,R,lắm
O,0,0
O,Np,Cam
O,N,ơn
O,N,ôg
O,N,trời
O,R,đã
O,V,đưa
O,N,con
O,V,đến
O,N,bên
O,Np,3me
O,0,0
O,Np,Chúc
O,V,mừg
O,N,con_trai
O,R,đã
O,A,tròn
B-AGE,M,1
I-AGE,N,tuổi
O,A,đúng
O,N,lun
O,N,lun
O,N,ngoan_ngoãn
O,N,nha
O,N,con_trai
O,V,yêu
O,Np,Ba
O,Np,Thanh
O,N,ơi
O,V,đi
O,V,làm
O,V,về
O,N,nhah
O,V,chở
B-NAME,Np,Beo
O,V,đi
O,V,chơi
O,N,mừg
O,N,sinh_nhật
O,N,đầu
O,N,đời
O,V,đi
O,M,ba
O,!,!
O,N,]
O,N,[
O,N,Đầy
B-AGE,N,thôi_nôi
O,N,rồi
O,",",","
O,N,hihi
O,",",","
O,N,Mộng
O,Np,Thường
O,V,shared
O,Np,Phúc
O,Np,Nguyễn
O,N,'
O,N,s
O,N,post
O,-,-
O,N,with
O,Np,Kim
O,Np,Nam
O,Np,Nguyen
O,N,and
O,M,2
O,N,others
O,0,0
O,Np,Phúc
O,\n,\n
B-AGE,N,Đầy_tháng
O,N,con_gái
O,0,0
O,N,]
O,N,[
O,",",","
O,Np,Yen
O,Np,Huynh
O,V,shared
O,Np,Huyền
O,Np,Nhật
O,Np,Hạ
O,N,'
O,N,s
O,N,post
O,0,0
O,Np,Hạ
O,\n,\n
O,N,Hôm_qua
O,M,19/5
O,N,cúng
B-AGE,N,thôi_nôi
O,N,con
O,0,0
O,Np,Tính
O,V,theo
O,N,lịch
O,N,dương
O,C,thì
O,V,Còn
O,N,tận
O,M,11
O,N,ngày
O,N,nua
O,R,mới
O,A,tròn
O,N,năm
O,M,2
O,N,mẹ
O,N,con
O,V,biêt
O,N,nhau
O,0,0
O,!,!
O,R,Chẳng
O,N,tiệc_tùng
O,N,nhà_hàng
O,N,khách_khứa
O,P,gì
O,T,cả
O,0,0
O,N,Mẹ
O,R,chỉ
O,V,muốn
O,N,con
O,N,thật
O,A,ấm_áp
O,T,ngay
O,T,chính
O,N,căn
O,N,nhà
O,A,thân_yêu
O,E,của
O,P,mình
O,E,với
O,L,những
O,N,người_thân
O,R,vô_cùng
O,V,yêu_thương
O,N,con
O,0,0
O,V,Con_bé
O,R,lắm
O,V,ra
O,N,nhà_hàng
O,N,khách_khứa
O,M,ba
O,N,mẹ
O,R,lại
O,V,phải
O,V,đi
O,R,tiếp
O,R,chẳng
O,V,chơi
O,N,gi
O,N,voi
O,N,con
O,V,được
O,\n,\n
O,V,Con_bé
O,A,lắm
O,R,ra
O,V,đo
O,N,rượu_bia
O,N,ca_hát
O,N,con
O,V,mệt
O,N,tội
O,A,con
O,R,lắm
O,0,0
O,M,Ba
O,N,mẹ
O,R,chỉ
O,V,muốn
O,V,chạy
O,V,đi
O,V,mua
O,N,đồ
O,V,trang_trí
O,N,bóng_bay
O,V,đi
O,N,chợ
O,C,rồi
O,V,về
O,P,cả
O,N,nhà
O,A,cùng
O,N,nhau
O,V,làm
O,M,một
O,N,bưa
O,N,tiệc
O,V,nhỏ
O,E,cho
O,Nc,con
O,N,thế
O,P,này
O,0,0
O,Np,Hạnh_Phúc
O,A,lắm
O,!,!
O,V,Cảm_ơn
O,N,mây
O,N,cô
O,V,ở
O,R,đã
O,V,nhịn
O,V,ăn
O,C,mà
O,V,làm
O,V,cho
O,A,kịp
O,N,mấy
O,N,thư
O,N,mẹ
O,V,đặt
O,V,cho
O,N,con
O,0,0
O,V,Cảm_ơn
O,N,chú
O,P,gì
O,N,đấy
O,V,ở
O,R,cũng
O,A,quằn_quại
O,A,cả
O,N,buổi
O,N,sáng
O,V,ở
O,N,nhà
O,P,mình
O,V,chuẩn_bị
O,N,bóng_bay
O,V,cho
B-AGE,N,thôi_nôi
O,N,con
O,V,thêm
O,N,phần
O,A,long_lanh
O,N,hihi
O,!,!
O,V,Yêu
O,P,cả
O,N,nhà
O,0,0
O,!,!
O,N,]
O,N,[
O,Np,Mừng
O,N,cô
O,N,công_chúa
O,A,nhỏ
O,E,của
O,N,mẹ
O,A,tròn
B-AGE,M,2
I-AGE,N,tuổi
O,",",","
O,N,chúc
O,N,con_gái
O,V,yêu
O,E,của
O,N,mẹ
O,C,hay
O,V,ăn
O,N,chóng
O,A,lớn
O,V,va
O,R,mãi
O,V,đáng
O,V,yêu
O,0,0
O,",",","
O,Np,Kim
O,Np,Hue
O,Np,Dang
O,V,feeling
O,N,happy
O,N,with
O,Np,Liêm
O,Np,Nguyễn
O,V,at
O,Np,Ấp
O,M,2
O,N,xã
O,Np,Vĩnh
O,Np,Lộc
O,Np,B
O,",",","
O,Np,H
O,0,0
O,Np,Bình
O,Np,Chánh
O,",",","
O,Np,TP
O,Np,HCM
O,0,0
O,N,]
O,N,[
B-AGE,N,Thôi_nôi
O,N,Bé
B-NAME,Np,Thảo
O,",",","
O,Np,Mỹ
O,Np,Quân
O,V,was
O,N,live
O,0,0
O,N,]
O,N,[
B-AGE,N,Thôi_nôi
O,N,bé
B-NAME,Np,Thiên_Kim
O,",",","
O,Np,Anh_Hoa
O,Np,PY
O,V,added
O,M,11
O,N,new
O,N,photos
O,-,-
O,N,with
O,Np,Giang
O,Np,Đoan
O,Np,Vu
O,Np,Huong
O,N,and
O,M,4
O,N,others
O,N,at
O,Np,Long
O,Np,Phuoc
O,",",","
O,Np,Q9
O,0,0
O,Np,Photos
O,V,from
O,Np,Anh_Hoa
O,Np,PY
O,N,'
O,N,s
O,N,post
O,N,]
O,N,[
O,V,Lên
O,N,đồ
O,N,mai
O,V,đi
O,N,an
B-AGE,N,đầy_tháng
B-NAME,N,cj
I-NAME,N,cherry
O,P,gì
O,V,chau
O,Np,Chau
O,Np,Doan
O,0,0
O,V,cau
O,Np,Cau
O,Np,Doan
O,",",","
O,Np,Hien
O,Np,Doan
O,V,added
O,M,6
O,N,new
O,N,photos
O,0,0
O,Np,Photos
O,V,from
O,Np,Hien
O,Np,Doan
O,N,'
O,N,s
O,N,post
O,N,]
O,N,[
O,A,nhanh
O,R,quá
O,M,ba
O,R,mới
O,N,ngày
O,P,nào
O,N,giờ
O,N,bà
B-NAME,N,bèo
B-AGE,M,2
I-AGE,N,tuổi
O,R,rồi
O,",",","
O,Np,Junie
O,Np,Phuong
O,V,shared
O,Nc,anh
O,N,memory
O,-,-
O,N,with
O,Np,Nguyenkhoa
O,Np,Khoa
O,0,0
O,Np,Junie
O,\n,\n
B-AGE,N,thôi_nôi
B-NAME,N,xuka
O,V,tập
O,M,1
O,N,]
O,N,[
O,Np,Mừng
B-AGE,N,thôi_nôi
O,N,con
O,E,của
O,N,bạn
O,?,?
O,N,Bạn_bè
O,A,thân
O,R,lắm
O,N,mà
O,M,ngàn
O,N,năm
O,V,gặp
O,R,lại
O,?,?
O,",",","
O,Np,Thu
O,Np,Thuy
O,Np,Ngo
O,V,added
O,M,3
O,N,new
O,N,photos
O,-,-
O,N,with
O,Np,Ngọc
O,Np,Loan
O,N,and
O,M,3
O,N,others
O,0,0
O,Np,Photos
O,N,from
O,Np,Thu
O,Np,Thuy
O,Np,Ngo
O,N,'
O,N,s
O,N,post
O,N,]
O,N,[
B-AGE,N,Thôi_nôi
O,N,em
B-NAME,Np,Gấc
O,V,cảm_ơn
O,L,các
O,N,cô
O,V,tới
O,A,chung
O,A,vui
O,A,cùng
O,N,em
O,?,?
O,Np,Hoàng
O,Np,Nhung
O,",",","
O,Np,Thuý
O,Np,Nguyễn
O,V,added
O,M,4
O,N,new
O,N,photos
O,-,-
O,N,with
O,Np,Ngọc
O,Np,Diệu
O,N,and
O,Np,Phạm
O,Np,Sương
O,0,0
O,Np,Photos
O,V,from
O,Np,Thuý
O,Np,Nguyễn
O,N,'
O,N,s
O,N,post
O,N,]
O,N,[
O,N,Sinh_nhật
O,V,Công_chúa
B-NAME,Np,Ellsa
O,0,0
O,V,chúc
O,N,con
O,N,mau
O,V,ăn
O,N,chóng
O,A,lớn
O,0,0
O,",",","
O,Np,Trọng
O,Np,Thắng
O,V,added
O,M,3
O,N,new
O,N,photos
O,-,-
O,N,with
O,Np,Phan
O,Np,Tịnh
O,N,and
O,E,Do
O,Np,Ngoc
O,Np,Phuong
O,Np,Quynh
O,V,at
O,Np,Nhà_Hàng
O,Np,Hải_Đăng
O,M,1
O,0,0
O,Np,Photos
O,V,from
O,Np,Trọng
O,Np,Thắng
O,N,'
O,N,s
O,N,post
O,N,]
O,N,[
O,Np,H
O,0,0
O,Np,P
O,0,0
O,Np,B
O,0,0
O,Np,D
O,N,cháu
O,N,trai
O,N,nhé
O,N,chúc
O,N,con
O,N,mau
O,V,ăn
O,N,chóng
O,A,lớn
O,V,cho
O,N,Mẹ
O,Np,Thuỳ
O,V,Vân
O,R,được
O,V,nhờ
O,N,nè
O,0,0
O,N,Mãi
O,N,eo
O,",",","
O,Np,Vân
O,Np,Ni
O,V,shared
O,N,anh
O,V,memory
O,0,0
O,Np,Vân
O,\n,\n
B-AGE,N,Thôi_nôi
O,N,cháu
O,N,em
O,?,?
O,N,]
O,N,[
B-AGE,N,Thôi_nôi
O,N,bé
B-NAME,V,BẢO
I-NAME,Np,THI
O,",",","
O,Np,Hong
O,Np,Nguyen
O,V,added
O,M,9
O,N,new
O,N,photos
O,-,-
O,N,with
O,Np,Lê
O,Np,Thị
O,Np,Kim
O,Np,Loan
O,N,and
O,Np,Tuyet
O,Np,Hong
O,Np,Nguyen
O,0,0
O,Np,Photos
O,V,from
O,Np,Hong
O,Np,Nguyen
O,N,'
O,N,s
O,N,post
O,N,]
O,N,[
O,V,Chúc_mừng
O,N,con_gái
O,V,yêu
O,A,tròn
B-AGE,M,3
I-AGE,N,tuổi
O,0,0
O,Np,Chúc
O,N,con
O,V,trở_thành
O,M,một
O,Nc,cô
O,N,gái
O,V,xinh_xắn
O,N,luôn
O,A,ngoan_ngoãn
O,V,nghe
O,N,lời
O,N,mẹ
O,CC,và
O,A,quan_trọng
O,A,nhất
O,N,chúc
O,N,con
O,R,luôn
O,A,vui_vẻ
O,V,mạnh_khoẻ
O,R,luôn
O,A,hạnh_phúc
O,E,với
O,N,cuộc_sống
O,P,này
O,N,con
O,N,nhá
O,0,0
O,V,yêu
O,N,con
O,0,0
O,",",","
O,Np,Phương
O,Np,Thảo
O,V,added
O,M,4
O,N,new
O,N,photos
O,-,-
O,N,with
O,Np,Trần
O,N,NgọcMi
O,N,and
O,M,3
O,N,others
O,N,at
O,Np,Đà
O,Np,Nẵng
O,0,0
O,Np,Photos
O,V,from
O,Np,Phương
O,Np,Thảo
O,N,'
O,N,s
O,N,post
O,N,]
O,N,[
O,Np,Mừng
B-AGE,V,Thôi_nôi
O,N,bé
B-NAME,Np,An_Nhiên
O,V,(
B-NAME,N,SuSu
O,N,)
O,?,?
O,",",","
O,Np,Trang
O,Np,Nguyễn
O,N,added
O,M,30
O,N,new
O,N,photos
O,-,-
O,N,with
O,Np,Mỹ
O,Np,Ngọc
O,N,and
O,M,8
O,N,others
O,0,0
O,Np,Photos
O,V,from
O,Np,Trang
O,Np,Nguyễn
O,N,'
O,N,s
O,N,post
O,N,]
O,N,[
O,N,Con
O,R,đã
O,V,thêm
O,N,tuổi
O,A,mới
O,",",","
O,V,phải
O,V,chăm
O,A,ngoan
O,R,hơn
O,V,học
O,A,giỏi
O,R,hơn
O,N,mau
O,V,ăn
O,N,chóng
O,A,lớn
O,N,mẹ
O,R,luôn
O,V,ở
O,N,sau
O,L,những
O,N,khi
O,N,con
O,V,cần
O,V,snzz
O,N,nhé
O,N,con_gái
O,V,cưng
O,",",","
O,Np,Truc
O,Np,Tran
O,V,added
O,M,5
O,N,new
O,N,photos
O,0,0
O,Np,Photos
O,V,from
O,Np,Truc
O,Np,Tran
O,N,'
O,N,s
O,N,post
O,N,]
O,N,[
B-AGE,N,Thôi_nôi
B-NAME,N,heo
I-NAME,N,con
O,?,?
O,",",","
O,Np,Thao
O,Np,Pham
O,V,added
O,M,9
O,N,new
O,N,photos
O,0,0
O,Np,Photos
O,V,from
O,Np,Thao
O,Np,Pham
O,N,'
O,N,s
O,N,post
O,N,]
O,N,[
O,P,Nay
O,N,sinh_nhật
B-NAME,N,hoàng_tử
I-NAME,N,mưa
O,C,nên
O,N,mưa
O,N,qtqd
O,N,ha
O,N,)
O,\n,\n
O,N,Tuổi
O,R,mới
O,V,hem
O,V,biết
O,N,chúc
B-NAME,Np,Dũ
O,N,gì
O,N,ngoài
O,N,nhắn_nhủ
O,N,mau
O,V,ăn
O,N,chóng
O,A,lớn
O,",",","
O,V,bớt
O,V,đanh_đá
O,E,với
O,N,chị
O,CC,và
O,N,sớm
O,V,tập
O,N,gym
O,V,thành_công
O,N,nhaaa
O,?,?
O,Np,Happy
O,Np,Birthday
B-NAME,Np,Dũ
I-NAME,Np,Dũ
O,?,?
O,",",","
O,Np,Mai
O,Np,Hồng
O,Np,Vân
O,V,updated
O,N,her
O,N,profile
O,N,picture
O,0,0
O,Np,Mai
O,Np,Hồng
O,Np,Vân
O,N,]
O,N,[
O,V,Chuẩn_bị
O,N,từ_từ
O,N,mọi
O,N,thứ
O,E,cho
B-AGE,N,thôi_nôi
O,N,con_trai
O,0,0
O,V,ahihi
O,?,?
O,",",","
O,Np,Diễm_Phúc
O,V,with
O,Np,Hung
O,V,Tan
O,Np,Huynh
O,N,and
O,Np,Huỳnh
O,Np,Thị
O,Np,Hồng
O,Np,Hạnh
O,0,0
O,N,]
O,N,[
O,",",","
O,Np,Duyen
O,Np,Tran
O,V,added
O,M,90
O,N,new
O,N,photos
O,A,to
O,N,the
O,V,album
O,:,:
B-AGE,N,THÔI_NÔI
B-NAME,Np,TRIP
O,M,3/5/2017
O,?,?
O,-,-
O,N,in
O,Np,Ho
O,Np,Chi
O,Np,Minh
O,Np,City
O,",",","
O,Np,Vietnam
O,0,0
B-AGE,V,THÔI_NÔI
B-NAME,Np,TRIP
O,M,3/5/2017
O,?,?
O,N,]
O,N,[
O,Np,Mừng
B-NAME,Np,Gấu
O,E,của
O,N,ba
O,N,mẹ
O,CC,và
O,P,cả
O,N,nhà
O,A,tròn
B-AGE,M,2
I-AGE,N,tuổi
O,N,con
O,N,nhé
O,!,!
O,M,Ba
O,N,mẹ
O,R,sẽ
O,V,lưu
O,R,lại
O,L,những
O,N,khoảng
O,N,khắc
O,P,này
O,V,về
O,N,con
O,",",","
O,N,mai
O,P,này
O,N,con
O,N,khôn_lớn
O,N,con
O,R,sẽ
O,V,thấy
O,V,đc
O,L,những
O,N,năm
O,N,con
O,V,yêu
O,A,khôn_lớn
O,C,như
O,N,thế_nào
O,0,0
O,N,Con
O,CC,và
O,N,chị
O,M,2
O,V,là
O,N,niềm
O,A,hạnh_phúc
O,",",","
O,Nc,niềm
O,A,vui
O,E,của
O,N,ba
O,N,mẹ
O,!,!
O,V,yêu
O,M,2
O,N,con
O,N,nhieu
O,0,0
O,",",","
O,Np,Vy
O,Np,Tran
O,Np,Trieu
O,V,shared
O,N,anh
O,V,memory
O,0,0
O,Np,Vy
O,\n,\n
O,V,Mừng
O,N,con_trai
O,V,yêu
O,E,của
O,N,ba
O,N,mẹ
O,A,tròn
B-AGE,M,1
I-AGE,N,tuổi
O,0,0
O,Np,Chúc
O,N,con
O,V,yêu
O,N,khoẻ_mạnh
O,",",","
O,N,ngoan_ngoãn
O,",",","
O,C,hay
O,V,ăn
O,N,chóng
O,A,lớn
O,",",","
O,A,thông_minh
O,",",","
O,V,phát_triển
O,N,toàn_diện
O,N,con
O,N,nhé
O,!,!
O,M,Ba
O,N,mẹ
O,R,sẽ
O,V,dành
O,N,tình_cảm
O,CC,và
O,L,những
O,N,điều
O,A,tốt_đẹp
O,A,nhất
O,V,đến
O,E,với
O,N,con
O,0,0
O,V,Cảm_ơn
O,N,ông_bà
O,N,nội
O,N,ngoại
O,R,đã
O,V,yêu_thương
O,N,và
O,V,quan_tâm
O,N,cháu
O,E,từ
O,N,lúc
O,N,mẹ
O,V,mang
O,N,bầu
O,V,đến
O,N,khi
O,N,mẹ
O,V,sinh
O,N,con
O,R,ra
O,N,và
O,N,bây_giờ
O,N,con
O,A,tròn
B-AGE,M,1
I-AGE,N,tuổi
O,0,0
O,P,Cả
O,N,nhà
O,V,yêu
O,N,con
O,A,nhiều
O,0,0
O,Np,Mai
O,N,này
O,N,khôn_lớn
O,R,hãy
O,V,sống
O,A,có_ích
O,V,có
O,N,tâm
O,CC,và
O,V,yêu_thương
O,L,mọi
O,N,người
O,N,con
O,N,nhé
O,!,!
O,V,P/s
O,:,:
O,N,Mẹ
O,V,yêu
O,N,con
O,!,!
O,V,yêu
O,N,con_trai
O,A,nhiều
O,0,0
O,V,Cảm_ơn
O,N,ông
O,N,trời
O,R,đã
O,V,cho
O,N,con
O,R,đã
O,V,đến
O,N,bên
O,N,mẹ
O,0,0
O,N,Con
O,R,sẽ
O,V,là
O,Nc,người
O,N,đàn_ông
O,N,thứ
O,M,2
O,N,yêu_thương
O,N,mẹ
O,",",","
O,V,quan_tâm
O,N,mẹ
O,0,0
O,N,]
O,N,[
B-AGE,N,Đầy_tháng
B-NAME,N,ty
I-NAME,N,mi
I-NAME,N,lu
O,N,)))
O,",",","
O,Np,Trần
O,N,Mộng
O,Np,Thuý
O,V,was
O,N,live
O,0,0
O,N,]
O,N,[
O,N,Tiệc
B-AGE,N,thôi_nôi
O,",",","
O,Np,Bui
O,Np,Hong
O,Np,Tam
O,V,was
O,N,live
O,0,0
O,N,]
O,N,[
O,Np,Mừng
B-AGE,N,thôi_nôi
B-NAME,Np,ĐĂNG
I-NAME,Np,KHÔI
O,?,?
O,",",","
O,Np,Dung
O,Np,Hanh
O,V,added
O,M,11
O,N,new
O,N,photos
O,-,-
O,N,with
O,Np,Dang
O,Np,Tran
O,N,and
O,M,5
O,N,others
O,0,0
O,Np,Photos
O,V,from
O,Np,Dung
O,Np,Hanh
O,N,'
O,N,s
O,N,post
O,N,]
O,N,[
O,V,Chúc_mừng
B-AGE,N,đầy_tháng
O,N,bé
B-NAME,V,조현준
O,N,(
B-NAME,Np,New
I-NAME,Np,York
I-NAME,N,siêu
I-NAME,V,wậy
O,N,)
O,\n,\n
O,N,축하해요
O,\n,\n
O,N,사랑해요
O,",",","
O,Np,Rosella
O,A,Cao
O,N,added
O,M,7
O,N,new
O,N,photos
O,0,0
O,Np,Photos
O,N,from
O,Np,Rosella
O,A,Cao
O,N,'
O,N,s
O,N,post
O,N,]
O,N,[
O,Np,Mừng
B-NAME,V,club
O,N,tròn
B-AGE,M,1
I-AGE,N,tuổi
O,",",","
O,Np,Phạm
O,Np,Kim
O,Np,Nguyên
O,N,added
O,M,6
O,N,new
O,N,photos
O,-,-
O,N,with
O,Np,Nguyễn
O,Np,Trúc
O,Np,Phương
O,N,and
O,Np,Kiên
O,Np,Phan
O,Np,Thi
O,0,0
O,Np,Photos
O,V,from
O,Np,Phạm
O,Np,Kim
O,Np,Nguyên
O,N,'
O,N,s
O,N,post
O,N,]
O,N,[
O,Np,Mừng
B-AGE,N,thôi_nôi
B-NAME,N,toá
I-NAME,N,koan
O,!,!
O,",",","
O,Np,Nguyen
O,Np,Phuong
O,Np,Tran
O,Np,Le
O,V,added
O,M,11
O,N,new
O,N,photos
O,-,-
O,N,feeling
O,N,lovely
O,N,at
O,Np,PHI
O,N,PHỐ
O,Np,BIỂN
O,0,0
O,Np,Photos
O,V,from
O,Np,Nguyen
O,Np,Phuong
O,Np,Tran
O,Np,Le
O,N,'
O,N,s
O,N,post
O,N,]
O,N,[
O,Np,Ik
B-AGE,N,thôi_nôi
O,N,con
O,N,ng
O,P,ta
O,N,ma
O,N,2vk
O,N,chồng
O,V,diễn
O,A,sâu
O,A,ghê
O,?,?
O,",",","
O,Np,Kim
O,Np,Huong
O,V,added
O,M,3
O,N,new
O,N,photos
O,-,-
O,N,with
O,Np,Nguyen
O,Np,Sang
O,0,0
O,Np,Photos
O,V,from
O,Np,Kim
O,Np,Huong
O,N,'
O,N,s
O,N,post
O,N,]
O,N,[
O,C,Như
O,N,mới
O,N,hôm_qua
O,0,0
O,",",","
O,Np,Duyen
O,Np,Nguyen
O,V,shared
O,N,anh
O,V,memory
O,0,0
O,Np,Duyen
O,\n,\n
B-AGE,N,Đầy_tháng
O,N,con_trai
O,N,cu
O,L,mọi
O,N,người
O,N,]
O,N,[
O,T,Ngay
O,N,con
O,M,2
O,N,tuổi
O,",",","
O,Np,Thu
O,Np,Hien
O,Np,Ho
O,V,shared
O,N,anh
O,V,memory
O,0,0
O,Np,Thu
O,Np,Hien
O,\n,\n
O,V,Đăng
O,R,ngay
O,V,cho
O,A,nóng
O,E,vì
O,V,đáng
O,V,yêu
O,V,quá
O,V,chịu
O,R,không
O,V,được
O,V,Người_mẫu
O,N,siêu
O,N,nhí
O,R,mới
O,A,tròn
B-AGE,M,2
I-AGE,N,tuổi
O,Np,Ps
O,:,:
O,V,chụp
O,N,hình
O,E,cho
O,N,ổng
O,C,mà
O,N,ổng
O,N,tạo_dáng
O,V,cứ
O,N,như
O,M,1
O,N,người_mẫu
O,N,thực_thụ
O,N,kà
O,0,0
O,N,]
O,N,[
O,V,Ăn
B-AGE,N,thôi_nôi
O,\n,\n
O,N,Ngày
O,T,nào
O,R,cũng
O,V,có
O,N,tiệc
O,V,hết
O,N,trơn
O,?,?
O,",",","
O,Np,An
O,Np,Bảo
O,Np,Bình
O,V,added
O,M,11
O,N,new
O,N,photos
O,-,-
O,N,at
O,Np,Khách_Sạn
O,Np,Đệ
O,A,Nhất
O,0,0
O,Np,Photos
O,N,from
O,Np,An
O,Np,Bảo
O,Np,Bình
O,N,'
O,N,s
O,N,post
O,N,]